Time,header.seq,header.stamp.secs,header.stamp.nsecs,header.frame_id,radiation_type,field_of_view,min_range,max_range,range
1728916968.0298448,940,1728916968,21064043,endeavour/tof/bottom,0,0.0,0.0,99.0,0.10499999672174454
1728916968.0654743,941,1728916968,56453466,endeavour/tof/bottom,0,0.0,0.0,99.0,0.10499999672174454
1728916968.1010425,942,1728916968,92007398,endeavour/tof/bottom,0,0.0,0.0,99.0,0.10599999874830246
1728916968.136623,943,1728916968,127393722,endeavour/tof/bottom,0,0.0,0.0,99.0,0.10599999874830246
1728916968.1721823,944,1728916968,162949085,endeavour/tof/bottom,0,0.0,0.0,99.0,0.10599999874830246
1728916968.2076817,945,1728916968,198479890,endeavour/tof/bottom,0,0.0,0.0,99.0,0.10400000214576721
1728916968.242837,946,1728916968,233961820,endeavour/tof/bottom,0,0.0,0.0,99.0,0.10400000214576721
1728916968.2783694,947,1728916968,269301652,endeavour/tof/bottom,0,0.0,0.0,99.0,0.10700000077486038
1728916968.3138745,948,1728916968,304788112,endeavour/tof/bottom,0,0.0,0.0,99.0,0.10700000077486038
1728916968.3490474,949,1728916968,340190172,endeavour/tof/bottom,0,0.0,0.0,99.0,0.10700000077486038
1728916968.3846154,950,1728916968,375671386,endeavour/tof/bottom,0,0.0,0.0,99.0,0.10400000214576721
1728916968.4206867,951,1728916968,411430358,endeavour/tof/bottom,0,0.0,0.0,99.0,0.10400000214576721
1728916968.4557157,952,1728916968,446834802,endeavour/tof/bottom,0,0.0,0.0,99.0,0.10400000214576721
1728916968.4941995,953,1728916968,482572555,endeavour/tof/bottom,0,0.0,0.0,99.0,0.10899999737739563
1728916968.5273411,954,1728916968,518191337,endeavour/tof/bottom,0,0.0,0.0,99.0,0.10899999737739563
1728916968.562444,955,1728916968,553371906,endeavour/tof/bottom,0,0.0,0.0,99.0,0.10899999737739563
1728916968.597551,956,1728916968,588620662,endeavour/tof/bottom,0,0.0,0.0,99.0,0.10499999672174454
1728916968.6344695,957,1728916968,624372959,endeavour/tof/bottom,0,0.0,0.0,99.0,0.10499999672174454
1728916968.66923,958,1728916968,660079240,endeavour/tof/bottom,0,0.0,0.0,99.0,0.10499999672174454
1728916968.704646,959,1728916968,695621967,endeavour/tof/bottom,0,0.0,0.0,99.0,0.10599999874830246
1728916968.7411275,960,1728916968,731053113,endeavour/tof/bottom,0,0.0,0.0,99.0,0.10599999874830246
1728916968.7753806,961,1728916968,766401529,endeavour/tof/bottom,0,0.0,0.0,99.0,0.10599999874830246
1728916968.810924,962,1728916968,801934957,endeavour/tof/bottom,0,0.0,0.0,99.0,0.10599999874830246
1728916968.8472695,963,1728916968,837373018,endeavour/tof/bottom,0,0.0,0.0,99.0,0.10599999874830246
1728916968.883052,964,1728916968,874015092,endeavour/tof/bottom,0,0.0,0.0,99.0,0.10400000214576721
1728916968.9197013,965,1728916968,910258769,endeavour/tof/bottom,0,0.0,0.0,99.0,0.10400000214576721
1728916968.9556713,966,1728916968,945655107,endeavour/tof/bottom,0,0.0,0.0,99.0,0.10400000214576721
1728916968.991338,967,1728916968,982043027,endeavour/tof/bottom,0,0.0,0.0,99.0,0.1120000034570694
1728916969.026372,968,1728916969,17492294,endeavour/tof/bottom,0,0.0,0.0,99.0,0.1120000034570694
1728916969.0627444,969,1728916969,53057432,endeavour/tof/bottom,0,0.0,0.0,99.0,0.1120000034570694
1728916969.0975604,970,1728916969,88592052,endeavour/tof/bottom,0,0.0,0.0,99.0,0.1080000028014183
1728916969.1331077,971,1728916969,124124526,endeavour/tof/bottom,0,0.0,0.0,99.0,0.1080000028014183
1728916969.1694865,972,1728916969,159569740,endeavour/tof/bottom,0,0.0,0.0,99.0,0.1080000028014183
1728916969.2046459,973,1728916969,195044279,endeavour/tof/bottom,0,0.0,0.0,99.0,0.10599999874830246
1728916969.2398005,974,1728916969,230609178,endeavour/tof/bottom,0,0.0,0.0,99.0,0.10599999874830246
1728916969.2757173,975,1728916969,266073226,endeavour/tof/bottom,0,0.0,0.0,99.0,0.10599999874830246
1728916969.3107612,976,1728916969,301614999,endeavour/tof/bottom,0,0.0,0.0,99.0,0.10300000011920929
1728916969.346129,977,1728916969,337088346,endeavour/tof/bottom,0,0.0,0.0,99.0,0.10300000011920929
1728916969.382418,978,1728916969,372404336,endeavour/tof/bottom,0,0.0,0.0,99.0,0.10300000011920929
1728916969.4171572,979,1728916969,408093452,endeavour/tof/bottom,0,0.0,0.0,99.0,0.10300000011920929
1728916969.4522398,980,1728916969,443433523,endeavour/tof/bottom,0,0.0,0.0,99.0,0.10300000011920929
1728916969.4891796,981,1728916969,478997468,endeavour/tof/bottom,0,0.0,0.0,99.0,0.10700000077486038
1728916969.523366,982,1728916969,514500617,endeavour/tof/bottom,0,0.0,0.0,99.0,0.10700000077486038
1728916969.558948,983,1728916969,549917697,endeavour/tof/bottom,0,0.0,0.0,99.0,0.10700000077486038
1728916969.5952883,984,1728916969,585620164,endeavour/tof/bottom,0,0.0,0.0,99.0,0.10499999672174454
1728916969.6301396,985,1728916969,621091842,endeavour/tof/bottom,0,0.0,0.0,99.0,0.10499999672174454
1728916969.6651986,986,1728916969,656394481,endeavour/tof/bottom,0,0.0,0.0,99.0,0.10499999672174454
1728916969.7015908,987,1728916969,691839933,endeavour/tof/bottom,0,0.0,0.0,99.0,0.10499999672174454
1728916969.7364032,988,1728916969,727298974,endeavour/tof/bottom,0,0.0,0.0,99.0,0.10499999672174454
1728916969.7718773,989,1728916969,762679100,endeavour/tof/bottom,0,0.0,0.0,99.0,0.10499999672174454
1728916969.8103447,990,1728916969,801076173,endeavour/tof/bottom,0,0.0,0.0,99.0,0.10400000214576721
1728916969.8449895,991,1728916969,835979461,endeavour/tof/bottom,0,0.0,0.0,99.0,0.10400000214576721
1728916969.880618,992,1728916969,871547460,endeavour/tof/bottom,0,0.0,0.0,99.0,0.10499999672174454
1728916969.9169352,993,1728916969,906908988,endeavour/tof/bottom,0,0.0,0.0,99.0,0.10499999672174454
1728916969.951207,994,1728916969,942213535,endeavour/tof/bottom,0,0.0,0.0,99.0,0.10499999672174454
1728916969.9867795,995,1728916969,977949857,endeavour/tof/bottom,0,0.0,0.0,99.0,0.10700000077486038
1728916970.0232074,996,1728916970,13544797,endeavour/tof/bottom,0,0.0,0.0,99.0,0.10700000077486038
1728916970.0579433,997,1728916970,48860311,endeavour/tof/bottom,0,0.0,0.0,99.0,0.10700000077486038
1728916970.0935328,998,1728916970,84439277,endeavour/tof/bottom,0,0.0,0.0,99.0,0.10400000214576721
1728916970.1308613,999,1728916970,119920730,endeavour/tof/bottom,0,0.0,0.0,99.0,0.10400000214576721
1728916970.1646721,1000,1728916970,155582427,endeavour/tof/bottom,0,0.0,0.0,99.0,0.10400000214576721
1728916970.2002263,1001,1728916970,190980434,endeavour/tof/bottom,0,0.0,0.0,99.0,0.1080000028014183
1728916970.236669,1002,1728916970,226678371,endeavour/tof/bottom,0,0.0,0.0,99.0,0.1080000028014183
1728916970.270855,1003,1728916970,262023687,endeavour/tof/bottom,0,0.0,0.0,99.0,0.1080000028014183
1728916970.3064873,1004,1728916970,297659397,endeavour/tof/bottom,0,0.0,0.0,99.0,0.10899999737739563
1728916970.342848,1005,1728916970,333086967,endeavour/tof/bottom,0,0.0,0.0,99.0,0.10899999737739563
1728916970.377634,1006,1728916970,368774414,endeavour/tof/bottom,0,0.0,0.0,99.0,0.10899999737739563
1728916970.4131064,1007,1728916970,404154539,endeavour/tof/bottom,0,0.0,0.0,99.0,0.11400000005960464
1728916970.4494925,1008,1728916970,439661741,endeavour/tof/bottom,0,0.0,0.0,99.0,0.11400000005960464
1728916970.4842706,1009,1728916970,475204944,endeavour/tof/bottom,0,0.0,0.0,99.0,0.10400000214576721
1728916970.5198317,1010,1728916970,510689258,endeavour/tof/bottom,0,0.0,0.0,99.0,0.10400000214576721
1728916970.5561624,1011,1728916970,546245098,endeavour/tof/bottom,0,0.0,0.0,99.0,0.10400000214576721
1728916970.5904872,1012,1728916970,581596851,endeavour/tof/bottom,0,0.0,0.0,99.0,0.10400000214576721
1728916970.6260726,1013,1728916970,617117643,endeavour/tof/bottom,0,0.0,0.0,99.0,0.10400000214576721
1728916970.6627178,1014,1728916970,652720689,endeavour/tof/bottom,0,0.0,0.0,99.0,0.10400000214576721
1728916970.697201,1015,1728916970,688148021,endeavour/tof/bottom,0,0.0,0.0,99.0,0.11100000143051147
1728916970.7330081,1016,1728916970,723623752,endeavour/tof/bottom,0,0.0,0.0,99.0,0.11100000143051147
1728916970.7686415,1017,1728916970,759026527,endeavour/tof/bottom,0,0.0,0.0,99.0,0.11100000143051147
1728916970.8034387,1018,1728916970,794368743,endeavour/tof/bottom,0,0.0,0.0,99.0,0.10400000214576721
1728916970.8389888,1019,1728916970,829941511,endeavour/tof/bottom,0,0.0,0.0,99.0,0.10400000214576721
1728916970.8753536,1020,1728916970,865605831,endeavour/tof/bottom,0,0.0,0.0,99.0,0.10400000214576721
1728916970.9100316,1021,1728916970,901072502,endeavour/tof/bottom,0,0.0,0.0,99.0,0.10499999672174454
1728916970.9457202,1022,1728916970,936685085,endeavour/tof/bottom,0,0.0,0.0,99.0,0.10499999672174454
1728916970.9821236,1023,1728916970,972006082,endeavour/tof/bottom,0,0.0,0.0,99.0,0.10700000077486038
1728916971.0171912,1024,1728916971,7560729,endeavour/tof/bottom,0,0.0,0.0,99.0,0.10700000077486038
1728916971.0519001,1025,1728916971,42843818,endeavour/tof/bottom,0,0.0,0.0,99.0,0.10700000077486038
1728916971.0887077,1026,1728916971,78259944,endeavour/tof/bottom,0,0.0,0.0,99.0,0.11100000143051147
1728916971.1240256,1027,1728916971,115031003,endeavour/tof/bottom,0,0.0,0.0,99.0,0.11100000143051147
1728916971.158158,1028,1728916971,149334430,endeavour/tof/bottom,0,0.0,0.0,99.0,0.11100000143051147
1728916971.1944344,1029,1728916971,184686422,endeavour/tof/bottom,0,0.0,0.0,99.0,0.10599999874830246
1728916971.2306159,1030,1728916971,220992326,endeavour/tof/bottom,0,0.0,0.0,99.0,0.10599999874830246
1728916971.265808,1031,1728916971,256590366,endeavour/tof/bottom,0,0.0,0.0,99.0,0.10599999874830246
1728916971.303128,1032,1728916971,293316125,endeavour/tof/bottom,0,0.0,0.0,99.0,0.10499999672174454
1728916971.34144,1033,1728916971,328643083,endeavour/tof/bottom,0,0.0,0.0,99.0,0.10499999672174454
1728916971.3746402,1034,1728916971,365218639,endeavour/tof/bottom,0,0.0,0.0,99.0,0.10499999672174454
1728916971.410008,1035,1728916971,401201248,endeavour/tof/bottom,0,0.0,0.0,99.0,0.10400000214576721
1728916971.4456644,1036,1728916971,436694622,endeavour/tof/bottom,0,0.0,0.0,99.0,0.10400000214576721
1728916971.481355,1037,1728916971,472088336,endeavour/tof/bottom,0,0.0,0.0,99.0,0.1080000028014183
1728916971.5170686,1038,1728916971,507359743,endeavour/tof/bottom,0,0.0,0.0,99.0,0.1080000028014183
1728916971.5648391,1039,1728916971,543550968,endeavour/tof/bottom,0,0.0,0.0,99.0,0.1080000028014183
1728916971.5907552,1040,1728916971,580534934,endeavour/tof/bottom,0,0.0,0.0,99.0,0.11299999803304672
1728916971.625647,1041,1728916971,615523099,endeavour/tof/bottom,0,0.0,0.0,99.0,0.11299999803304672
1728916971.6662505,1042,1728916971,653114557,endeavour/tof/bottom,0,0.0,0.0,99.0,0.11299999803304672
1728916971.6987145,1043,1728916971,689700126,endeavour/tof/bottom,0,0.0,0.0,99.0,0.10899999737739563
1728916971.7361066,1044,1728916971,726392030,endeavour/tof/bottom,0,0.0,0.0,99.0,0.10899999737739563
1728916971.7709277,1045,1728916971,761923789,endeavour/tof/bottom,0,0.0,0.0,99.0,0.10899999737739563
1728916971.8080292,1046,1728916971,798187732,endeavour/tof/bottom,0,0.0,0.0,99.0,0.10700000077486038
1728916971.8447974,1047,1728916971,835064888,endeavour/tof/bottom,0,0.0,0.0,99.0,0.10700000077486038
1728916971.8894308,1048,1728916971,870258569,endeavour/tof/bottom,0,0.0,0.0,99.0,0.10700000077486038
1728916971.915633,1049,1728916971,906571865,endeavour/tof/bottom,0,0.0,0.0,99.0,0.10199999809265137
1728916971.9576266,1050,1728916971,947094678,endeavour/tof/bottom,0,0.0,0.0,99.0,0.10199999809265137
1728916971.9957864,1051,1728916971,986520528,endeavour/tof/bottom,0,0.0,0.0,99.0,0.10999999940395355
1728916972.0293458,1052,1728916972,20143508,endeavour/tof/bottom,0,0.0,0.0,99.0,0.10999999940395355
1728916972.0641737,1053,1728916972,54494380,endeavour/tof/bottom,0,0.0,0.0,99.0,0.10999999940395355
1728916972.0999606,1054,1728916972,90728044,endeavour/tof/bottom,0,0.0,0.0,99.0,0.10499999672174454
1728916972.1368775,1055,1728916972,127360105,endeavour/tof/bottom,0,0.0,0.0,99.0,0.10499999672174454
1728916972.1724117,1056,1728916972,162503957,endeavour/tof/bottom,0,0.0,0.0,99.0,0.10499999672174454
1728916972.2076685,1057,1728916972,198788166,endeavour/tof/bottom,0,0.0,0.0,99.0,0.10899999737739563
1728916972.2442882,1058,1728916972,235088109,endeavour/tof/bottom,0,0.0,0.0,99.0,0.10899999737739563
1728916972.281221,1059,1728916972,271230936,endeavour/tof/bottom,0,0.0,0.0,99.0,0.10899999737739563
1728916972.3163605,1060,1728916972,307428836,endeavour/tof/bottom,0,0.0,0.0,99.0,0.1080000028014183
1728916972.352461,1061,1728916972,343708753,endeavour/tof/bottom,0,0.0,0.0,99.0,0.1080000028014183
1728916972.3898432,1062,1728916972,380224227,endeavour/tof/bottom,0,0.0,0.0,99.0,0.10400000214576721
1728916972.424646,1063,1728916972,415789127,endeavour/tof/bottom,0,0.0,0.0,99.0,0.10400000214576721
1728916972.4602144,1064,1728916972,451104164,endeavour/tof/bottom,0,0.0,0.0,99.0,0.10400000214576721
1728916972.4962068,1065,1728916972,486444950,endeavour/tof/bottom,0,0.0,0.0,99.0,0.10700000077486038
1728916972.5308568,1066,1728916972,522021770,endeavour/tof/bottom,0,0.0,0.0,99.0,0.10700000077486038
1728916972.5674148,1067,1728916972,558258295,endeavour/tof/bottom,0,0.0,0.0,99.0,0.10700000077486038
1728916972.6047597,1068,1728916972,594773292,endeavour/tof/bottom,0,0.0,0.0,99.0,0.10499999672174454
1728916972.639919,1069,1728916972,630169868,endeavour/tof/bottom,0,0.0,0.0,99.0,0.10499999672174454
1728916972.6747437,1070,1728916972,665405035,endeavour/tof/bottom,0,0.0,0.0,99.0,0.10499999672174454
1728916972.7124538,1071,1728916972,701403141,endeavour/tof/bottom,0,0.0,0.0,99.0,0.10300000011920929
1728916972.7468264,1072,1728916972,737649917,endeavour/tof/bottom,0,0.0,0.0,99.0,0.10300000011920929
1728916972.7828927,1073,1728916972,773983001,endeavour/tof/bottom,0,0.0,0.0,99.0,0.10899999737739563
1728916972.81966,1074,1728916972,810058593,endeavour/tof/bottom,0,0.0,0.0,99.0,0.10899999737739563
1728916972.8550355,1075,1728916972,846175193,endeavour/tof/bottom,0,0.0,0.0,99.0,0.10899999737739563
1728916972.8905914,1076,1728916972,881528377,endeavour/tof/bottom,0,0.0,0.0,99.0,0.10100000351667404
1728916972.9281874,1077,1728916972,917611360,endeavour/tof/bottom,0,0.0,0.0,99.0,0.10100000351667404
1728916972.9628117,1078,1728916972,953789949,endeavour/tof/bottom,0,0.0,0.0,99.0,0.10100000351667404
1728916972.9992878,1079,1728916972,990053653,endeavour/tof/bottom,0,0.0,0.0,99.0,0.1120000034570694
1728916973.0361474,1080,1728916973,26225566,endeavour/tof/bottom,0,0.0,0.0,99.0,0.1120000034570694
1728916973.0709524,1081,1728916973,62219619,endeavour/tof/bottom,0,0.0,0.0,99.0,0.1120000034570694
1728916973.1074827,1082,1728916973,98374605,endeavour/tof/bottom,0,0.0,0.0,99.0,0.10599999874830246
1728916973.1443398,1083,1728916973,134487867,endeavour/tof/bottom,0,0.0,0.0,99.0,0.10599999874830246
1728916973.1816335,1084,1728916973,170481204,endeavour/tof/bottom,0,0.0,0.0,99.0,0.10599999874830246
1728916973.2156372,1085,1728916973,206628561,endeavour/tof/bottom,0,0.0,0.0,99.0,0.10899999737739563
1728916973.2526891,1086,1728916973,242759943,endeavour/tof/bottom,0,0.0,0.0,99.0,0.10899999737739563
1728916973.2879295,1087,1728916973,278905391,endeavour/tof/bottom,0,0.0,0.0,99.0,0.10499999672174454
1728916973.324588,1088,1728916973,314931154,endeavour/tof/bottom,0,0.0,0.0,99.0,0.10499999672174454
1728916973.3608205,1089,1728916973,351110458,endeavour/tof/bottom,0,0.0,0.0,99.0,0.10499999672174454
1728916973.3966231,1090,1728916973,387409687,endeavour/tof/bottom,0,0.0,0.0,99.0,0.10499999672174454
1728916973.4329162,1091,1728916973,423600912,endeavour/tof/bottom,0,0.0,0.0,99.0,0.10499999672174454
1728916973.4697905,1092,1728916973,459674835,endeavour/tof/bottom,0,0.0,0.0,99.0,0.10499999672174454
1728916973.5048075,1093,1728916973,495798587,endeavour/tof/bottom,0,0.0,0.0,99.0,0.10599999874830246
1728916973.5408702,1094,1728916973,532000303,endeavour/tof/bottom,0,0.0,0.0,99.0,0.10599999874830246
1728916973.5780935,1095,1728916973,567982912,endeavour/tof/bottom,0,0.0,0.0,99.0,0.10599999874830246
1728916973.612879,1096,1728916973,604057550,endeavour/tof/bottom,0,0.0,0.0,99.0,0.10700000077486038
1728916973.6491547,1097,1728916973,640259742,endeavour/tof/bottom,0,0.0,0.0,99.0,0.10700000077486038
1728916973.6859663,1098,1728916973,676250696,endeavour/tof/bottom,0,0.0,0.0,99.0,0.11599999666213989
1728916973.7216904,1099,1728916973,712544679,endeavour/tof/bottom,0,0.0,0.0,99.0,0.11599999666213989
1728916973.7577596,1100,1728916973,748621463,endeavour/tof/bottom,0,0.0,0.0,99.0,0.11599999666213989
1728916973.7952862,1101,1728916973,784734249,endeavour/tof/bottom,0,0.0,0.0,99.0,0.10300000011920929
1728916973.8299587,1102,1728916973,820835351,endeavour/tof/bottom,0,0.0,0.0,99.0,0.10300000011920929
1728916973.8660073,1103,1728916973,856951236,endeavour/tof/bottom,0,0.0,0.0,99.0,0.10300000011920929
1728916973.902268,1104,1728916973,892227411,endeavour/tof/bottom,0,0.0,0.0,99.0,0.10199999809265137
1728916973.9378889,1105,1728916973,928390502,endeavour/tof/bottom,0,0.0,0.0,99.0,0.10199999809265137
1728916973.9738119,1106,1728916973,964606046,endeavour/tof/bottom,0,0.0,0.0,99.0,0.10199999809265137
1728916974.0101821,1107,1728916974,555038,endeavour/tof/bottom,0,0.0,0.0,99.0,0.10899999737739563
1728916974.0459073,1108,1728916974,36754131,endeavour/tof/bottom,0,0.0,0.0,99.0,0.10899999737739563
1728916974.0814548,1109,1728916974,72615861,endeavour/tof/bottom,0,0.0,0.0,99.0,0.10899999737739563
1728916974.1177878,1110,1728916974,108796834,endeavour/tof/bottom,0,0.0,0.0,99.0,0.10499999672174454
1728916974.1535892,1111,1728916974,144811868,endeavour/tof/bottom,0,0.0,0.0,99.0,0.10499999672174454
1728916974.189692,1112,1728916974,180946350,endeavour/tof/bottom,0,0.0,0.0,99.0,0.10300000011920929
1728916974.226266,1113,1728916974,217136621,endeavour/tof/bottom,0,0.0,0.0,99.0,0.10300000011920929
1728916974.2623568,1114,1728916974,253126382,endeavour/tof/bottom,0,0.0,0.0,99.0,0.10300000011920929
1728916974.3029058,1115,1728916974,293115615,endeavour/tof/bottom,0,0.0,0.0,99.0,0.10700000077486038
1728916974.3472316,1116,1728916974,335006952,endeavour/tof/bottom,0,0.0,0.0,99.0,0.10700000077486038
1728916974.376595,1117,1728916974,367481708,endeavour/tof/bottom,0,0.0,0.0,99.0,0.10700000077486038
1728916974.4121082,1118,1728916974,403073072,endeavour/tof/bottom,0,0.0,0.0,99.0,0.10400000214576721
1728916974.4479911,1119,1728916974,438301801,endeavour/tof/bottom,0,0.0,0.0,99.0,0.10400000214576721
1728916974.483262,1120,1728916974,474494457,endeavour/tof/bottom,0,0.0,0.0,99.0,0.10599999874830246
1728916974.5202415,1121,1728916974,510804176,endeavour/tof/bottom,0,0.0,0.0,99.0,0.10599999874830246
1728916974.5567553,1122,1728916974,546918392,endeavour/tof/bottom,0,0.0,0.0,99.0,0.10599999874830246
1728916974.592027,1123,1728916974,583064079,endeavour/tof/bottom,0,0.0,0.0,99.0,0.10700000077486038
1728916974.6280358,1124,1728916974,619179248,endeavour/tof/bottom,0,0.0,0.0,99.0,0.10700000077486038
1728916974.6654186,1125,1728916974,655679702,endeavour/tof/bottom,0,0.0,0.0,99.0,0.10700000077486038
1728916974.7006664,1126,1728916974,691673278,endeavour/tof/bottom,0,0.0,0.0,99.0,0.11400000005960464
1728916974.7368143,1127,1728916974,727963924,endeavour/tof/bottom,0,0.0,0.0,99.0,0.11400000005960464
1728916974.774203,1128,1728916974,764242172,endeavour/tof/bottom,0,0.0,0.0,99.0,0.11400000005960464
1728916974.8083553,1129,1728916974,799288034,endeavour/tof/bottom,0,0.0,0.0,99.0,0.10999999940395355
1728916974.844461,1130,1728916974,835481643,endeavour/tof/bottom,0,0.0,0.0,99.0,0.10999999940395355
1728916974.8802752,1131,1728916974,870780944,endeavour/tof/bottom,0,0.0,0.0,99.0,0.10999999940395355
1728916974.9160306,1132,1728916974,907068967,endeavour/tof/bottom,0,0.0,0.0,99.0,0.10499999672174454
1728916974.952249,1133,1728916974,943278074,endeavour/tof/bottom,0,0.0,0.0,99.0,0.10499999672174454
1728916974.989777,1134,1728916974,979520797,endeavour/tof/bottom,0,0.0,0.0,99.0,0.10400000214576721
1728916975.02429,1135,1728916975,15641689,endeavour/tof/bottom,0,0.0,0.0,99.0,0.10400000214576721
1728916975.060434,1136,1728916975,51702737,endeavour/tof/bottom,0,0.0,0.0,99.0,0.10400000214576721
1728916975.0972924,1137,1728916975,87765932,endeavour/tof/bottom,0,0.0,0.0,99.0,0.10499999672174454
1728916975.133042,1138,1728916975,123951435,endeavour/tof/bottom,0,0.0,0.0,99.0,0.10499999672174454
1728916975.1681268,1139,1728916975,159023761,endeavour/tof/bottom,0,0.0,0.0,99.0,0.10499999672174454
1728916975.2050283,1140,1728916975,195322036,endeavour/tof/bottom,0,0.0,0.0,99.0,0.10400000214576721
1728916975.2402418,1141,1728916975,231421232,endeavour/tof/bottom,0,0.0,0.0,99.0,0.10400000214576721
1728916975.2763147,1142,1728916975,267477750,endeavour/tof/bottom,0,0.0,0.0,99.0,0.10400000214576721
1728916975.3136983,1143,1728916975,303853273,endeavour/tof/bottom,0,0.0,0.0,99.0,0.10499999672174454
1728916975.3489766,1144,1728916975,339896917,endeavour/tof/bottom,0,0.0,0.0,99.0,0.10499999672174454
1728916975.3850312,1145,1728916975,375946521,endeavour/tof/bottom,0,0.0,0.0,99.0,0.10999999940395355
1728916975.421549,1146,1728916975,412464618,endeavour/tof/bottom,0,0.0,0.0,99.0,0.10999999940395355
1728916975.4567056,1147,1728916975,447581529,endeavour/tof/bottom,0,0.0,0.0,99.0,0.10999999940395355
1728916975.4927328,1148,1728916975,483869075,endeavour/tof/bottom,0,0.0,0.0,99.0,0.11100000143051147
1728916975.5292988,1149,1728916975,520139217,endeavour/tof/bottom,0,0.0,0.0,99.0,0.11100000143051147
1728916975.5648885,1150,1728916975,556175947,endeavour/tof/bottom,0,0.0,0.0,99.0,0.11100000143051147
1728916975.6014855,1151,1728916975,592406511,endeavour/tof/bottom,0,0.0,0.0,99.0,0.10599999874830246
1728916975.6383493,1152,1728916975,628538131,endeavour/tof/bottom,0,0.0,0.0,99.0,0.10599999874830246
1728916975.6736755,1153,1728916975,664676427,endeavour/tof/bottom,0,0.0,0.0,99.0,0.10599999874830246
1728916975.7097373,1154,1728916975,700686454,endeavour/tof/bottom,0,0.0,0.0,99.0,0.1080000028014183
1728916975.747189,1155,1728916975,737422227,endeavour/tof/bottom,0,0.0,0.0,99.0,0.1080000028014183
1728916975.81238,1156,1728916975,773639440,endeavour/tof/bottom,0,0.0,0.0,99.0,0.1080000028014183
1728916975.8183424,1157,1728916975,809725999,endeavour/tof/bottom,0,0.0,0.0,99.0,0.10899999737739563
1728916975.8559127,1158,1728916975,845845937,endeavour/tof/bottom,0,0.0,0.0,99.0,0.10899999737739563
1728916975.8915384,1159,1728916975,882509231,endeavour/tof/bottom,0,0.0,0.0,99.0,0.10999999940395355
1728916975.9336183,1160,1728916975,918611764,endeavour/tof/bottom,0,0.0,0.0,99.0,0.10999999940395355
1728916975.9644802,1161,1728916975,954658985,endeavour/tof/bottom,0,0.0,0.0,99.0,0.10999999940395355
1728916975.999726,1162,1728916975,990813970,endeavour/tof/bottom,0,0.0,0.0,99.0,0.11100000143051147
1728916976.0358322,1163,1728916976,26978492,endeavour/tof/bottom,0,0.0,0.0,99.0,0.11100000143051147
1728916976.0727293,1164,1728916976,62968730,endeavour/tof/bottom,0,0.0,0.0,99.0,0.11100000143051147
1728916976.1080093,1165,1728916976,99120616,endeavour/tof/bottom,0,0.0,0.0,99.0,0.11100000143051147
1728916976.1574104,1166,1728916976,135352373,endeavour/tof/bottom,0,0.0,0.0,99.0,0.11100000143051147
1728916976.1814415,1167,1728916976,171360254,endeavour/tof/bottom,0,0.0,0.0,99.0,0.11100000143051147
1728916976.216771,1168,1728916976,207569599,endeavour/tof/bottom,0,0.0,0.0,99.0,0.10400000214576721
1728916976.2539632,1169,1728916976,243789911,endeavour/tof/bottom,0,0.0,0.0,99.0,0.10400000214576721
1728916976.2896245,1170,1728916976,279714822,endeavour/tof/bottom,0,0.0,0.0,99.0,0.10700000077486038
1728916976.3249316,1171,1728916976,315843820,endeavour/tof/bottom,0,0.0,0.0,99.0,0.10700000077486038
1728916976.3808374,1172,1728916976,351825237,endeavour/tof/bottom,0,0.0,0.0,99.0,0.10700000077486038
1728916976.397799,1173,1728916976,388031721,endeavour/tof/bottom,0,0.0,0.0,99.0,0.10000000149011612
1728916976.4332333,1174,1728916976,424328804,endeavour/tof/bottom,0,0.0,0.0,99.0,0.10000000149011612
1728916976.4697146,1175,1728916976,460554838,endeavour/tof/bottom,0,0.0,0.0,99.0,0.10000000149011612
1728916976.5067072,1176,1728916976,496881723,endeavour/tof/bottom,0,0.0,0.0,99.0,0.10899999737739563
1728916976.54136,1177,1728916976,532357931,endeavour/tof/bottom,0,0.0,0.0,99.0,0.10899999737739563
1728916976.6014783,1178,1728916976,567816257,endeavour/tof/bottom,0,0.0,0.0,99.0,0.10899999737739563
1728916976.6128209,1179,1728916976,603205680,endeavour/tof/bottom,0,0.0,0.0,99.0,0.10400000214576721
1728916976.649298,1180,1728916976,639071702,endeavour/tof/bottom,0,0.0,0.0,99.0,0.10400000214576721
1728916976.6837268,1181,1728916976,674376249,endeavour/tof/bottom,0,0.0,0.0,99.0,0.10400000214576721
1728916976.7189682,1182,1728916976,709952592,endeavour/tof/bottom,0,0.0,0.0,99.0,0.10700000077486038
1728916976.754311,1183,1728916976,745394468,endeavour/tof/bottom,0,0.0,0.0,99.0,0.10700000077486038
1728916976.7899091,1184,1728916976,780999422,endeavour/tof/bottom,0,0.0,0.0,99.0,0.1080000028014183
1728916976.8299525,1185,1728916976,816381692,endeavour/tof/bottom,0,0.0,0.0,99.0,0.1080000028014183
1728916976.8610067,1186,1728916976,851900100,endeavour/tof/bottom,0,0.0,0.0,99.0,0.1080000028014183
1728916976.9070604,1187,1728916976,887664556,endeavour/tof/bottom,0,0.0,0.0,99.0,0.10400000214576721
1728916976.9330044,1188,1728916976,923218250,endeavour/tof/bottom,0,0.0,0.0,99.0,0.10400000214576721
1728916976.9683905,1189,1728916976,958542823,endeavour/tof/bottom,0,0.0,0.0,99.0,0.10400000214576721
1728916977.0033677,1190,1728916976,994057416,endeavour/tof/bottom,0,0.0,0.0,99.0,0.1080000028014183
1728916977.0397735,1191,1728916977,29659509,endeavour/tof/bottom,0,0.0,0.0,99.0,0.1080000028014183
1728916977.0739276,1192,1728916977,65050363,endeavour/tof/bottom,0,0.0,0.0,99.0,0.1080000028014183
1728916977.1094956,1193,1728916977,100649833,endeavour/tof/bottom,0,0.0,0.0,99.0,0.10599999874830246
1728916977.1458852,1194,1728916977,136238574,endeavour/tof/bottom,0,0.0,0.0,99.0,0.10599999874830246
1728916977.1806283,1195,1728916977,171714305,endeavour/tof/bottom,0,0.0,0.0,99.0,0.10599999874830246
1728916977.2163987,1196,1728916977,207305431,endeavour/tof/bottom,0,0.0,0.0,99.0,0.10499999672174454
1728916977.2567534,1197,1728916977,243181705,endeavour/tof/bottom,0,0.0,0.0,99.0,0.10499999672174454
1728916977.2878962,1198,1728916977,278743743,endeavour/tof/bottom,0,0.0,0.0,99.0,0.10499999672174454
1728916977.323336,1199,1728916977,314501523,endeavour/tof/bottom,0,0.0,0.0,99.0,0.10999999940395355
1728916977.3622568,1200,1728916977,352512359,endeavour/tof/bottom,0,0.0,0.0,99.0,0.10999999940395355
1728916977.396572,1201,1728916977,387620449,endeavour/tof/bottom,0,0.0,0.0,99.0,0.10499999672174454
1728916977.4355578,1202,1728916977,426589250,endeavour/tof/bottom,0,0.0,0.0,99.0,0.10499999672174454
1728916977.4720957,1203,1728916977,462327718,endeavour/tof/bottom,0,0.0,0.0,99.0,0.10499999672174454
1728916977.5067952,1204,1728916977,497948169,endeavour/tof/bottom,0,0.0,0.0,99.0,0.10999999940395355
1728916977.5423493,1205,1728916977,533474445,endeavour/tof/bottom,0,0.0,0.0,99.0,0.10999999940395355
1728916977.579772,1206,1728916977,569789409,endeavour/tof/bottom,0,0.0,0.0,99.0,0.10999999940395355
1728916977.615147,1207,1728916977,606019496,endeavour/tof/bottom,0,0.0,0.0,99.0,0.10599999874830246
1728916977.651128,1208,1728916977,642236471,endeavour/tof/bottom,0,0.0,0.0,99.0,0.10599999874830246
1728916977.6894097,1209,1728916977,679563283,endeavour/tof/bottom,0,0.0,0.0,99.0,0.10599999874830246
1728916977.7237556,1210,1728916977,714522123,endeavour/tof/bottom,0,0.0,0.0,99.0,0.10300000011920929
1728916977.7628474,1211,1728916977,753231287,endeavour/tof/bottom,0,0.0,0.0,99.0,0.10300000011920929
1728916977.7976065,1212,1728916977,787880182,endeavour/tof/bottom,0,0.0,0.0,99.0,0.10599999874830246
1728916977.8329394,1213,1728916977,824036359,endeavour/tof/bottom,0,0.0,0.0,99.0,0.10599999874830246
1728916977.869013,1214,1728916977,860120773,endeavour/tof/bottom,0,0.0,0.0,99.0,0.10599999874830246
1728916977.9054184,1215,1728916977,895436286,endeavour/tof/bottom,0,0.0,0.0,99.0,0.10599999874830246
1728916977.9406633,1216,1728916977,931737422,endeavour/tof/bottom,0,0.0,0.0,99.0,0.10599999874830246
1728916977.9767292,1217,1728916977,967813014,endeavour/tof/bottom,0,0.0,0.0,99.0,0.10599999874830246
1728916978.013673,1218,1728916978,4087448,endeavour/tof/bottom,0,0.0,0.0,99.0,0.10499999672174454
1728916978.0493484,1219,1728916978,40276765,endeavour/tof/bottom,0,0.0,0.0,99.0,0.10499999672174454
1728916978.08503,1220,1728916978,76236963,endeavour/tof/bottom,0,0.0,0.0,99.0,0.10499999672174454
1728916978.121408,1221,1728916978,112443208,endeavour/tof/bottom,0,0.0,0.0,99.0,0.10300000011920929
1728916978.1575985,1222,1728916978,148509263,endeavour/tof/bottom,0,0.0,0.0,99.0,0.10300000011920929
1728916978.193703,1223,1728916978,184706449,endeavour/tof/bottom,0,0.0,0.0,99.0,0.10599999874830246
1728916978.229645,1224,1728916978,220875024,endeavour/tof/bottom,0,0.0,0.0,99.0,0.10599999874830246
1728916978.2663004,1225,1728916978,257115125,endeavour/tof/bottom,0,0.0,0.0,99.0,0.10599999874830246
1728916978.302348,1226,1728916978,293335199,endeavour/tof/bottom,0,0.0,0.0,99.0,0.10499999672174454
1728916978.3384454,1227,1728916978,329470872,endeavour/tof/bottom,0,0.0,0.0,99.0,0.10499999672174454
1728916978.37518,1228,1728916978,365944147,endeavour/tof/bottom,0,0.0,0.0,99.0,0.10499999672174454
1728916978.4111106,1229,1728916978,402081966,endeavour/tof/bottom,0,0.0,0.0,99.0,0.10700000077486038
1728916978.4480119,1230,1728916978,438239574,endeavour/tof/bottom,0,0.0,0.0,99.0,0.10700000077486038
1728916978.4832702,1231,1728916978,474522829,endeavour/tof/bottom,0,0.0,0.0,99.0,0.10700000077486038
1728916978.5197885,1232,1728916978,510567903,endeavour/tof/bottom,0,0.0,0.0,99.0,0.1080000028014183
1728916978.556714,1233,1728916978,546785831,endeavour/tof/bottom,0,0.0,0.0,99.0,0.1080000028014183
1728916978.5919833,1234,1728916978,582885026,endeavour/tof/bottom,0,0.0,0.0,99.0,0.10499999672174454
1728916978.6280737,1235,1728916978,619294881,endeavour/tof/bottom,0,0.0,0.0,99.0,0.10499999672174454
1728916978.6654077,1236,1728916978,655558586,endeavour/tof/bottom,0,0.0,0.0,99.0,0.10499999672174454
1728916978.700703,1237,1728916978,691910028,endeavour/tof/bottom,0,0.0,0.0,99.0,0.10599999874830246
1728916978.7372406,1238,1728916978,728183507,endeavour/tof/bottom,0,0.0,0.0,99.0,0.10599999874830246
1728916978.774204,1239,1728916978,764470815,endeavour/tof/bottom,0,0.0,0.0,99.0,0.10599999874830246
1728916978.8099248,1240,1728916978,800702810,endeavour/tof/bottom,0,0.0,0.0,99.0,0.10700000077486038
1728916978.8459744,1241,1728916978,836893558,endeavour/tof/bottom,0,0.0,0.0,99.0,0.10700000077486038
1728916978.8828397,1242,1728916978,872994899,endeavour/tof/bottom,0,0.0,0.0,99.0,0.10700000077486038
1728916978.9171221,1243,1728916978,908340215,endeavour/tof/bottom,0,0.0,0.0,99.0,0.10599999874830246
1728916978.9536963,1244,1728916978,944540739,endeavour/tof/bottom,0,0.0,0.0,99.0,0.10599999874830246
1728916978.9909797,1245,1728916978,980625152,endeavour/tof/bottom,0,0.0,0.0,99.0,0.10599999874830246
1728916979.0257258,1246,1728916979,16930341,endeavour/tof/bottom,0,0.0,0.0,99.0,0.10999999940395355
1728916979.0619028,1247,1728916979,52999258,endeavour/tof/bottom,0,0.0,0.0,99.0,0.10999999940395355
1728916979.0987773,1248,1728916979,89178085,endeavour/tof/bottom,0,0.0,0.0,99.0,0.10700000077486038
1728916979.1340146,1249,1728916979,125357866,endeavour/tof/bottom,0,0.0,0.0,99.0,0.10700000077486038
1728916979.1706016,1250,1728916979,161664009,endeavour/tof/bottom,0,0.0,0.0,99.0,0.10700000077486038
1728916979.207543,1251,1728916979,197827339,endeavour/tof/bottom,0,0.0,0.0,99.0,0.11299999803304672
1728916979.2438512,1252,1728916979,234019041,endeavour/tof/bottom,0,0.0,0.0,99.0,0.11299999803304672
1728916979.2793427,1253,1728916979,270294666,endeavour/tof/bottom,0,0.0,0.0,99.0,0.11299999803304672
1728916979.3171175,1254,1728916979,306389570,endeavour/tof/bottom,0,0.0,0.0,99.0,0.10899999737739563
1728916979.3519914,1255,1728916979,342764377,endeavour/tof/bottom,0,0.0,0.0,99.0,0.10899999737739563
1728916979.3880577,1256,1728916979,378860712,endeavour/tof/bottom,0,0.0,0.0,99.0,0.10899999737739563
1728916979.4254785,1257,1728916979,415051698,endeavour/tof/bottom,0,0.0,0.0,99.0,0.10499999672174454
1728916979.460437,1258,1728916979,451319217,endeavour/tof/bottom,0,0.0,0.0,99.0,0.10499999672174454
1728916979.4967704,1259,1728916979,487600088,endeavour/tof/bottom,0,0.0,0.0,99.0,0.10899999737739563
1728916979.533563,1260,1728916979,523804187,endeavour/tof/bottom,0,0.0,0.0,99.0,0.10899999737739563
1728916979.5692132,1261,1728916979,559992551,endeavour/tof/bottom,0,0.0,0.0,99.0,0.10899999737739563
1728916979.6050034,1262,1728916979,595972776,endeavour/tof/bottom,0,0.0,0.0,99.0,0.10700000077486038
1728916979.6418407,1263,1728916979,632135152,endeavour/tof/bottom,0,0.0,0.0,99.0,0.10700000077486038
1728916979.677566,1264,1728916979,668384313,endeavour/tof/bottom,0,0.0,0.0,99.0,0.10700000077486038
1728916979.714503,1265,1728916979,704463720,endeavour/tof/bottom,0,0.0,0.0,99.0,0.10300000011920929
1728916979.7505596,1266,1728916979,740621566,endeavour/tof/bottom,0,0.0,0.0,99.0,0.10300000011920929
1728916979.7858467,1267,1728916979,776808023,endeavour/tof/bottom,0,0.0,0.0,99.0,0.10300000011920929
1728916979.8219209,1268,1728916979,812898635,endeavour/tof/bottom,0,0.0,0.0,99.0,0.10599999874830246
1728916979.8590634,1269,1728916979,849001169,endeavour/tof/bottom,0,0.0,0.0,99.0,0.10599999874830246
1728916979.8935204,1270,1728916979,884432792,endeavour/tof/bottom,0,0.0,0.0,99.0,0.1120000034570694
1728916979.9295306,1271,1728916979,920550584,endeavour/tof/bottom,0,0.0,0.0,99.0,0.1120000034570694
1728916979.9680102,1272,1728916979,958157539,endeavour/tof/bottom,0,0.0,0.0,99.0,0.1120000034570694
1728916980.0062788,1273,1728916979,994548797,endeavour/tof/bottom,0,0.0,0.0,99.0,0.10400000214576721
1728916980.0403984,1274,1728916980,31160593,endeavour/tof/bottom,0,0.0,0.0,99.0,0.10400000214576721
1728916980.0769522,1275,1728916980,67036867,endeavour/tof/bottom,0,0.0,0.0,99.0,0.10400000214576721
1728916980.1120825,1276,1728916980,103039026,endeavour/tof/bottom,0,0.0,0.0,99.0,0.11100000143051147
1728916980.1480992,1277,1728916980,139198780,endeavour/tof/bottom,0,0.0,0.0,99.0,0.11100000143051147
1728916980.1853507,1278,1728916980,175373077,endeavour/tof/bottom,0,0.0,0.0,99.0,0.11100000143051147
1728916980.220759,1279,1728916980,211568355,endeavour/tof/bottom,0,0.0,0.0,99.0,0.10400000214576721
1728916980.256774,1280,1728916980,247748613,endeavour/tof/bottom,0,0.0,0.0,99.0,0.10400000214576721
1728916980.29356,1281,1728916980,283779859,endeavour/tof/bottom,0,0.0,0.0,99.0,0.10599999874830246
1728916980.3288136,1282,1728916980,319995403,endeavour/tof/bottom,0,0.0,0.0,99.0,0.10599999874830246
1728916980.36496,1283,1728916980,356064796,endeavour/tof/bottom,0,0.0,0.0,99.0,0.10599999874830246
1728916980.4018707,1284,1728916980,392207622,endeavour/tof/bottom,0,0.0,0.0,99.0,0.10400000214576721
1728916980.4379456,1285,1728916980,428523063,endeavour/tof/bottom,0,0.0,0.0,99.0,0.10400000214576721
1728916980.4737048,1286,1728916980,464581727,endeavour/tof/bottom,0,0.0,0.0,99.0,0.10400000214576721
1728916980.5112462,1287,1728916980,500753402,endeavour/tof/bottom,0,0.0,0.0,99.0,0.10599999874830246
1728916980.5458524,1288,1728916980,536881923,endeavour/tof/bottom,0,0.0,0.0,99.0,0.10599999874830246
1728916980.581955,1289,1728916980,573009490,endeavour/tof/bottom,0,0.0,0.0,99.0,0.10599999874830246
1728916980.618817,1290,1728916980,609178543,endeavour/tof/bottom,0,0.0,0.0,99.0,0.10499999672174454
1728916980.6546054,1291,1728916980,645737171,endeavour/tof/bottom,0,0.0,0.0,99.0,0.10499999672174454
1728916980.6907063,1292,1728916980,681737899,endeavour/tof/bottom,0,0.0,0.0,99.0,0.10499999672174454
1728916980.7389662,1293,1728916980,718173980,endeavour/tof/bottom,0,0.0,0.0,99.0,0.1080000028014183
1728916980.7639909,1294,1728916980,754292488,endeavour/tof/bottom,0,0.0,0.0,99.0,0.1080000028014183
1728916980.7997987,1295,1728916980,790534973,endeavour/tof/bottom,0,0.0,0.0,99.0,0.1080000028014183
1728916980.8367224,1296,1728916980,826705217,endeavour/tof/bottom,0,0.0,0.0,99.0,0.1080000028014183
1728916980.8720853,1297,1728916980,862926483,endeavour/tof/bottom,0,0.0,0.0,99.0,0.1080000028014183
1728916980.9074605,1298,1728916980,898418188,endeavour/tof/bottom,0,0.0,0.0,99.0,0.1080000028014183
1728916980.9596279,1299,1728916980,934614419,endeavour/tof/bottom,0,0.0,0.0,99.0,0.1080000028014183
1728916980.9797015,1300,1728916980,970907449,endeavour/tof/bottom,0,0.0,0.0,99.0,0.1080000028014183
1728916981.0157921,1301,1728916981,7036447,endeavour/tof/bottom,0,0.0,0.0,99.0,0.10700000077486038
1728916981.0532176,1302,1728916981,43435811,endeavour/tof/bottom,0,0.0,0.0,99.0,0.10700000077486038
1728916981.0884478,1303,1728916981,79480886,endeavour/tof/bottom,0,0.0,0.0,99.0,0.10700000077486038
1728916981.124547,1304,1728916981,115654230,endeavour/tof/bottom,0,0.0,0.0,99.0,0.10700000077486038
1728916981.1834676,1305,1728916981,151798963,endeavour/tof/bottom,0,0.0,0.0,99.0,0.10700000077486038
1728916981.1973398,1306,1728916981,187972068,endeavour/tof/bottom,0,0.0,0.0,99.0,0.11100000143051147
1728916981.2331798,1307,1728916981,224182367,endeavour/tof/bottom,0,0.0,0.0,99.0,0.11100000143051147
1728916981.2693186,1308,1728916981,260474681,endeavour/tof/bottom,0,0.0,0.0,99.0,0.11100000143051147
1728916981.3061059,1309,1728916981,296607017,endeavour/tof/bottom,0,0.0,0.0,99.0,0.11400000005960464
1728916981.3419802,1310,1728916981,332843303,endeavour/tof/bottom,0,0.0,0.0,99.0,0.11400000005960464
1728916981.4002092,1311,1728916981,369010686,endeavour/tof/bottom,0,0.0,0.0,99.0,0.11400000005960464
1728916981.415373,1312,1728916981,405406951,endeavour/tof/bottom,0,0.0,0.0,99.0,0.1120000034570694
1728916981.4531314,1313,1728916981,441678285,endeavour/tof/bottom,0,0.0,0.0,99.0,0.1120000034570694
1728916981.49494,1314,1728916981,477870702,endeavour/tof/bottom,0,0.0,0.0,99.0,0.1120000034570694
1728916981.5242274,1315,1728916981,514031410,endeavour/tof/bottom,0,0.0,0.0,99.0,0.10300000011920929
1728916981.5592453,1316,1728916981,550116777,endeavour/tof/bottom,0,0.0,0.0,99.0,0.10300000011920929
1728916981.6173964,1317,1728916981,586423158,endeavour/tof/bottom,0,0.0,0.0,99.0,0.10499999672174454
1728916981.6315308,1318,1728916981,622476816,endeavour/tof/bottom,0,0.0,0.0,99.0,0.10499999672174454
1728916981.667639,1319,1728916981,658767461,endeavour/tof/bottom,0,0.0,0.0,99.0,0.10499999672174454
1728916981.7037637,1320,1728916981,694692850,endeavour/tof/bottom,0,0.0,0.0,99.0,0.10700000077486038
1728916981.7404556,1321,1728916981,730801820,endeavour/tof/bottom,0,0.0,0.0,99.0,0.10700000077486038
1728916981.775837,1322,1728916981,766976594,endeavour/tof/bottom,0,0.0,0.0,99.0,0.10700000077486038
1728916981.813307,1323,1728916981,803226470,endeavour/tof/bottom,0,0.0,0.0,99.0,0.10999999940395355
1728916981.8492851,1324,1728916981,839407444,endeavour/tof/bottom,0,0.0,0.0,99.0,0.10999999940395355
1728916981.8845901,1325,1728916981,875399351,endeavour/tof/bottom,0,0.0,0.0,99.0,0.10999999940395355
1728916981.926694,1326,1728916981,910880088,endeavour/tof/bottom,0,0.0,0.0,99.0,0.10700000077486038
1728916981.9564362,1327,1728916981,946925163,endeavour/tof/bottom,0,0.0,0.0,99.0,0.10700000077486038
1728916981.9917753,1328,1728916981,983065128,endeavour/tof/bottom,0,0.0,0.0,99.0,0.10700000077486038
1728916982.0288594,1329,1728916982,19306421,endeavour/tof/bottom,0,0.0,0.0,99.0,0.10599999874830246
1728916982.0686905,1330,1728916982,55460214,endeavour/tof/bottom,0,0.0,0.0,99.0,0.10599999874830246
1728916982.1004386,1331,1728916982,91729164,endeavour/tof/bottom,0,0.0,0.0,99.0,0.10999999940395355
1728916982.1369765,1332,1728916982,128057003,endeavour/tof/bottom,0,0.0,0.0,99.0,0.10999999940395355
1728916982.1738648,1333,1728916982,164132833,endeavour/tof/bottom,0,0.0,0.0,99.0,0.10999999940395355
1728916982.209415,1334,1728916982,200363874,endeavour/tof/bottom,0,0.0,0.0,99.0,0.1080000028014183
1728916982.2452424,1335,1728916982,236534118,endeavour/tof/bottom,0,0.0,0.0,99.0,0.1080000028014183
1728916982.2827144,1336,1728916982,272731304,endeavour/tof/bottom,0,0.0,0.0,99.0,0.1080000028014183
1728916982.31791,1337,1728916982,308847665,endeavour/tof/bottom,0,0.0,0.0,99.0,0.10599999874830246
1728916982.3539793,1338,1728916982,345057964,endeavour/tof/bottom,0,0.0,0.0,99.0,0.10599999874830246
1728916982.3913908,1339,1728916982,381500720,endeavour/tof/bottom,0,0.0,0.0,99.0,0.10599999874830246
1728916982.4265838,1340,1728916982,417625188,endeavour/tof/bottom,0,0.0,0.0,99.0,0.10700000077486038
1728916982.4627004,1341,1728916982,453853130,endeavour/tof/bottom,0,0.0,0.0,99.0,0.10700000077486038
1728916982.5006168,1342,1728916982,490656614,endeavour/tof/bottom,0,0.0,0.0,99.0,0.1120000034570694
1728916982.539596,1343,1728916982,526059627,endeavour/tof/bottom,0,0.0,0.0,99.0,0.1120000034570694
1728916982.5704048,1344,1728916982,561494350,endeavour/tof/bottom,0,0.0,0.0,99.0,0.1120000034570694
1728916982.6067593,1345,1728916982,597102642,endeavour/tof/bottom,0,0.0,0.0,99.0,0.1080000028014183
1728916982.6420248,1346,1728916982,632829904,endeavour/tof/bottom,0,0.0,0.0,99.0,0.1080000028014183
1728916982.677151,1347,1728916982,668338537,endeavour/tof/bottom,0,0.0,0.0,99.0,0.1080000028014183
1728916982.7135167,1348,1728916982,703772783,endeavour/tof/bottom,0,0.0,0.0,99.0,0.10999999940395355
1728916982.7482474,1349,1728916982,739373683,endeavour/tof/bottom,0,0.0,0.0,99.0,0.10999999940395355
1728916982.784312,1350,1728916982,775236129,endeavour/tof/bottom,0,0.0,0.0,99.0,0.10999999940395355
1728916982.8227615,1351,1728916982,812577962,endeavour/tof/bottom,0,0.0,0.0,99.0,0.1080000028014183
1728916982.8564959,1352,1728916982,847550392,endeavour/tof/bottom,0,0.0,0.0,99.0,0.1080000028014183
1728916982.8915396,1353,1728916982,882606506,endeavour/tof/bottom,0,0.0,0.0,99.0,0.1080000028014183
1728916982.9285173,1354,1728916982,918637990,endeavour/tof/bottom,0,0.0,0.0,99.0,0.10000000149011612
1728916982.964065,1355,1728916982,954729557,endeavour/tof/bottom,0,0.0,0.0,99.0,0.10000000149011612
1728916982.9998436,1356,1728916982,990697145,endeavour/tof/bottom,0,0.0,0.0,99.0,0.10599999874830246
1728916983.0357955,1357,1728916983,26755809,endeavour/tof/bottom,0,0.0,0.0,99.0,0.10599999874830246
1728916983.0723217,1358,1728916983,62813282,endeavour/tof/bottom,0,0.0,0.0,99.0,0.10599999874830246
1728916983.107994,1359,1728916983,98880529,endeavour/tof/bottom,0,0.0,0.0,99.0,0.10400000214576721
1728916983.1440008,1360,1728916983,134991168,endeavour/tof/bottom,0,0.0,0.0,99.0,0.10400000214576721
1728916983.180162,1361,1728916983,171190500,endeavour/tof/bottom,0,0.0,0.0,99.0,0.10400000214576721
1728916983.2165368,1362,1728916983,207202672,endeavour/tof/bottom,0,0.0,0.0,99.0,0.10300000011920929
1728916983.253101,1363,1728916983,243311405,endeavour/tof/bottom,0,0.0,0.0,99.0,0.10300000011920929
1728916983.2883413,1364,1728916983,279406785,endeavour/tof/bottom,0,0.0,0.0,99.0,0.10300000011920929
1728916983.3251672,1365,1728916983,315432310,endeavour/tof/bottom,0,0.0,0.0,99.0,0.10899999737739563
1728916983.361548,1366,1728916983,351626396,endeavour/tof/bottom,0,0.0,0.0,99.0,0.10899999737739563
1728916983.3965266,1367,1728916983,387627124,endeavour/tof/bottom,0,0.0,0.0,99.0,0.10899999737739563
1728916983.4325225,1368,1728916983,423896312,endeavour/tof/bottom,0,0.0,0.0,99.0,0.11299999803304672
1728916983.4695272,1369,1728916983,459911346,endeavour/tof/bottom,0,0.0,0.0,99.0,0.11299999803304672
1728916983.504784,1370,1728916983,496045351,endeavour/tof/bottom,0,0.0,0.0,99.0,0.11100000143051147
1728916983.5413964,1371,1728916983,532102823,endeavour/tof/bottom,0,0.0,0.0,99.0,0.11100000143051147
1728916983.5782263,1372,1728916983,568268537,endeavour/tof/bottom,0,0.0,0.0,99.0,0.11100000143051147
1728916983.6129467,1373,1728916983,604136705,endeavour/tof/bottom,0,0.0,0.0,99.0,0.10700000077486038
1728916983.6490467,1374,1728916983,640283346,endeavour/tof/bottom,0,0.0,0.0,99.0,0.10700000077486038
1728916983.6859446,1375,1728916983,676389217,endeavour/tof/bottom,0,0.0,0.0,99.0,0.10700000077486038
1728916983.7217224,1376,1728916983,712535619,endeavour/tof/bottom,0,0.0,0.0,99.0,0.10999999940395355
1728916983.757262,1377,1728916983,748558044,endeavour/tof/bottom,0,0.0,0.0,99.0,0.10999999940395355
1728916983.79463,1378,1728916983,784743070,endeavour/tof/bottom,0,0.0,0.0,99.0,0.10999999940395355
1728916983.8298821,1379,1728916983,820815086,endeavour/tof/bottom,0,0.0,0.0,99.0,0.1080000028014183
1728916983.8659925,1380,1728916983,856994152,endeavour/tof/bottom,0,0.0,0.0,99.0,0.1080000028014183
1728916983.901872,1381,1728916983,892293691,endeavour/tof/bottom,0,0.0,0.0,99.0,0.10499999672174454
1728916983.9370272,1382,1728916983,928354501,endeavour/tof/bottom,0,0.0,0.0,99.0,0.10499999672174454
1728916983.9736385,1383,1728916983,964505434,endeavour/tof/bottom,0,0.0,0.0,99.0,0.10499999672174454
1728916984.010089,1384,1728916984,490903,endeavour/tof/bottom,0,0.0,0.0,99.0,0.10899999737739563
1728916984.045349,1385,1728916984,36636352,endeavour/tof/bottom,0,0.0,0.0,99.0,0.10899999737739563
1728916984.081973,1386,1728916984,72793006,endeavour/tof/bottom,0,0.0,0.0,99.0,0.10899999737739563
1728916984.118821,1387,1728916984,108803749,endeavour/tof/bottom,0,0.0,0.0,99.0,0.11299999803304672
1728916984.154057,1388,1728916984,145002841,endeavour/tof/bottom,0,0.0,0.0,99.0,0.11299999803304672
1728916984.190185,1389,1728916984,181072950,endeavour/tof/bottom,0,0.0,0.0,99.0,0.11299999803304672
1728916984.2277987,1390,1728916984,217092514,endeavour/tof/bottom,0,0.0,0.0,99.0,0.1080000028014183
1728916984.2622776,1391,1728916984,253159999,endeavour/tof/bottom,0,0.0,0.0,99.0,0.1080000028014183
1728916984.298369,1392,1728916984,289183855,endeavour/tof/bottom,0,0.0,0.0,99.0,0.1080000028014183
1728916984.334326,1393,1728916984,325495481,endeavour/tof/bottom,0,0.0,0.0,99.0,0.10700000077486038
1728916984.3705359,1394,1728916984,361457586,endeavour/tof/bottom,0,0.0,0.0,99.0,0.10700000077486038
1728916984.4066253,1395,1728916984,397453546,endeavour/tof/bottom,0,0.0,0.0,99.0,0.10599999874830246
1728916984.4446526,1396,1728916984,433515310,endeavour/tof/bottom,0,0.0,0.0,99.0,0.10599999874830246
1728916984.4782426,1397,1728916984,469464540,endeavour/tof/bottom,0,0.0,0.0,99.0,0.10599999874830246
1728916984.514822,1398,1728916984,505633354,endeavour/tof/bottom,0,0.0,0.0,99.0,0.10400000214576721
1728916984.5508566,1399,1728916984,541687250,endeavour/tof/bottom,0,0.0,0.0,99.0,0.10400000214576721
1728916984.5869162,1400,1728916984,577835798,endeavour/tof/bottom,0,0.0,0.0,99.0,0.10400000214576721
1728916984.6230414,1401,1728916984,614009857,endeavour/tof/bottom,0,0.0,0.0,99.0,0.10899999737739563
1728916984.660705,1402,1728916984,650626897,endeavour/tof/bottom,0,0.0,0.0,99.0,0.10899999737739563
1728916984.6960514,1403,1728916984,686641454,endeavour/tof/bottom,0,0.0,0.0,99.0,0.10899999737739563
1728916984.7317758,1404,1728916984,722764253,endeavour/tof/bottom,0,0.0,0.0,99.0,0.11100000143051147
1728916984.7690265,1405,1728916984,758927106,endeavour/tof/bottom,0,0.0,0.0,99.0,0.11100000143051147
1728916984.803884,1406,1728916984,795169591,endeavour/tof/bottom,0,0.0,0.0,99.0,0.10999999940395355
1728916984.840407,1407,1728916984,831498384,endeavour/tof/bottom,0,0.0,0.0,99.0,0.10999999940395355
1728916984.8772511,1408,1728916984,867732763,endeavour/tof/bottom,0,0.0,0.0,99.0,0.10999999940395355
1728916984.9121106,1409,1728916984,902995824,endeavour/tof/bottom,0,0.0,0.0,99.0,0.1080000028014183
1728916984.9481332,1410,1728916984,939035415,endeavour/tof/bottom,0,0.0,0.0,99.0,0.1080000028014183
1728916984.9845295,1411,1728916984,975057363,endeavour/tof/bottom,0,0.0,0.0,99.0,0.1080000028014183
1728916985.020304,1412,1728916985,11236667,endeavour/tof/bottom,0,0.0,0.0,99.0,0.10300000011920929
1728916985.0563688,1413,1728916985,47274589,endeavour/tof/bottom,0,0.0,0.0,99.0,0.10300000011920929
1728916985.094431,1414,1728916985,83248138,endeavour/tof/bottom,0,0.0,0.0,99.0,0.10300000011920929
1728916985.128525,1415,1728916985,119344711,endeavour/tof/bottom,0,0.0,0.0,99.0,0.10400000214576721
1728916985.1645997,1416,1728916985,155577421,endeavour/tof/bottom,0,0.0,0.0,99.0,0.10400000214576721
1728916985.2028286,1417,1728916985,191509008,endeavour/tof/bottom,0,0.0,0.0,99.0,0.10199999809265137
1728916985.2366135,1418,1728916985,227595090,endeavour/tof/bottom,0,0.0,0.0,99.0,0.10199999809265137
1728916985.272842,1419,1728916985,263781309,endeavour/tof/bottom,0,0.0,0.0,99.0,0.10199999809265137
1728916985.309121,1420,1728916985,299659013,endeavour/tof/bottom,0,0.0,0.0,99.0,0.10999999940395355
1728916985.3449066,1421,1728916985,335959911,endeavour/tof/bottom,0,0.0,0.0,99.0,0.10999999940395355
1728916985.3815832,1422,1728916985,372369289,endeavour/tof/bottom,0,0.0,0.0,99.0,0.10999999940395355
1728916985.418414,1423,1728916985,408682584,endeavour/tof/bottom,0,0.0,0.0,99.0,0.10300000011920929
1728916985.456192,1424,1728916985,447283506,endeavour/tof/bottom,0,0.0,0.0,99.0,0.10300000011920929
1728916985.4937606,1425,1728916985,484613418,endeavour/tof/bottom,0,0.0,0.0,99.0,0.10300000011920929
1728916985.5296712,1426,1728916985,519794464,endeavour/tof/bottom,0,0.0,0.0,99.0,0.10899999737739563
1728916985.5643313,1427,1728916985,554992675,endeavour/tof/bottom,0,0.0,0.0,99.0,0.10899999737739563
1728916985.5989728,1428,1728916985,590049743,endeavour/tof/bottom,0,0.0,0.0,99.0,0.10899999737739563
1728916985.6354308,1429,1728916985,626430034,endeavour/tof/bottom,0,0.0,0.0,99.0,0.10400000214576721
1728916985.671588,1430,1728916985,662480354,endeavour/tof/bottom,0,0.0,0.0,99.0,0.10400000214576721
1728916985.7081916,1431,1728916985,699008703,endeavour/tof/bottom,0,0.0,0.0,99.0,0.10499999672174454
1728916985.7442594,1432,1728916985,735119104,endeavour/tof/bottom,0,0.0,0.0,99.0,0.10499999672174454
1728916985.7804196,1433,1728916985,771458387,endeavour/tof/bottom,0,0.0,0.0,99.0,0.10499999672174454
1728916985.8174891,1434,1728916985,807636976,endeavour/tof/bottom,0,0.0,0.0,99.0,0.1080000028014183
1728916985.8523815,1435,1728916985,843713283,endeavour/tof/bottom,0,0.0,0.0,99.0,0.1080000028014183
1728916985.8890367,1436,1728916985,879886150,endeavour/tof/bottom,0,0.0,0.0,99.0,0.1080000028014183
1728916985.9241192,1437,1728916985,915281772,endeavour/tof/bottom,0,0.0,0.0,99.0,0.10499999672174454
1728916985.962161,1438,1728916985,952042579,endeavour/tof/bottom,0,0.0,0.0,99.0,0.10499999672174454
1728916985.9972477,1439,1728916985,988360166,endeavour/tof/bottom,0,0.0,0.0,99.0,0.10499999672174454
1728916986.0323396,1440,1728916986,23428201,endeavour/tof/bottom,0,0.0,0.0,99.0,0.1120000034570694
1728916986.0739412,1441,1728916986,59644699,endeavour/tof/bottom,0,0.0,0.0,99.0,0.1120000034570694
1728916986.105023,1442,1728916986,95965623,endeavour/tof/bottom,0,0.0,0.0,99.0,0.1080000028014183
1728916986.141047,1443,1728916986,132130861,endeavour/tof/bottom,0,0.0,0.0,99.0,0.1080000028014183
1728916986.1840017,1444,1728916986,168275594,endeavour/tof/bottom,0,0.0,0.0,99.0,0.1080000028014183
1728916986.213675,1445,1728916986,204808473,endeavour/tof/bottom,0,0.0,0.0,99.0,0.10400000214576721
1728916986.2486699,1446,1728916986,239901065,endeavour/tof/bottom,0,0.0,0.0,99.0,0.10400000214576721
1728916986.2943814,1447,1728916986,276115179,endeavour/tof/bottom,0,0.0,0.0,99.0,0.10400000214576721
1728916986.3213928,1448,1728916986,312323808,endeavour/tof/bottom,0,0.0,0.0,99.0,0.11500000208616257
1728916986.3574555,1449,1728916986,348492860,endeavour/tof/bottom,0,0.0,0.0,99.0,0.11500000208616257
1728916986.4057033,1450,1728916986,384782314,endeavour/tof/bottom,0,0.0,0.0,99.0,0.11500000208616257
1728916986.4309328,1451,1728916986,421203136,endeavour/tof/bottom,0,0.0,0.0,99.0,0.10700000077486038
1728916986.466194,1452,1728916986,457349538,endeavour/tof/bottom,0,0.0,0.0,99.0,0.10700000077486038
1728916986.5153892,1453,1728916986,493504762,endeavour/tof/bottom,0,0.0,0.0,99.0,0.10700000077486038
1728916986.5387316,1454,1728916986,529750585,endeavour/tof/bottom,0,0.0,0.0,99.0,0.10700000077486038
1728916986.5748703,1455,1728916986,565832376,endeavour/tof/bottom,0,0.0,0.0,99.0,0.10700000077486038
1728916986.6109707,1456,1728916986,601835250,endeavour/tof/bottom,0,0.0,0.0,99.0,0.10700000077486038
1728916986.6470656,1457,1728916986,638091325,endeavour/tof/bottom,0,0.0,0.0,99.0,0.10700000077486038
1728916986.683246,1458,1728916986,674318552,endeavour/tof/bottom,0,0.0,0.0,99.0,0.10700000077486038
1728916986.7209313,1459,1728916986,710297107,endeavour/tof/bottom,0,0.0,0.0,99.0,0.11400000005960464
1728916986.7561457,1460,1728916986,746304750,endeavour/tof/bottom,0,0.0,0.0,99.0,0.11400000005960464
1728916986.7913132,1461,1728916986,782587766,endeavour/tof/bottom,0,0.0,0.0,99.0,0.11400000005960464
1728916986.8275483,1462,1728916986,818584680,endeavour/tof/bottom,0,0.0,0.0,99.0,0.10400000214576721
1728916986.8647935,1463,1728916986,854851484,endeavour/tof/bottom,0,0.0,0.0,99.0,0.10400000214576721
1728916986.8990881,1464,1728916986,890262842,endeavour/tof/bottom,0,0.0,0.0,99.0,0.10400000214576721
1728916986.9422588,1465,1728916986,926283121,endeavour/tof/bottom,0,0.0,0.0,99.0,0.10599999874830246
1728916986.9727204,1466,1728916986,962462186,endeavour/tof/bottom,0,0.0,0.0,99.0,0.10599999874830246
1728916987.0073116,1467,1728916986,998496055,endeavour/tof/bottom,0,0.0,0.0,99.0,0.10700000077486038
1728916987.044041,1468,1728916987,34703731,endeavour/tof/bottom,0,0.0,0.0,99.0,0.10700000077486038
1728916987.0807583,1469,1728916987,70677757,endeavour/tof/bottom,0,0.0,0.0,99.0,0.10700000077486038
1728916987.115516,1470,1728916987,106794834,endeavour/tof/bottom,0,0.0,0.0,99.0,0.10899999737739563
1728916987.151534,1471,1728916987,142858028,endeavour/tof/bottom,0,0.0,0.0,99.0,0.10899999737739563
1728916987.188423,1472,1728916987,178919076,endeavour/tof/bottom,0,0.0,0.0,99.0,0.10899999737739563
1728916987.224233,1473,1728916987,215146064,endeavour/tof/bottom,0,0.0,0.0,99.0,0.10400000214576721
1728916987.2602582,1474,1728916987,251208782,endeavour/tof/bottom,0,0.0,0.0,99.0,0.10400000214576721
1728916987.2971447,1475,1728916987,287282943,endeavour/tof/bottom,0,0.0,0.0,99.0,0.10400000214576721
1728916987.3335164,1476,1728916987,323509693,endeavour/tof/bottom,0,0.0,0.0,99.0,0.10400000214576721
1728916987.3685489,1477,1728916987,359745979,endeavour/tof/bottom,0,0.0,0.0,99.0,0.10400000214576721
1728916987.4058871,1478,1728916987,396241188,endeavour/tof/bottom,0,0.0,0.0,99.0,0.10700000077486038
1728916987.441814,1479,1728916987,432390689,endeavour/tof/bottom,0,0.0,0.0,99.0,0.10700000077486038
1728916987.4772286,1480,1728916987,468462705,endeavour/tof/bottom,0,0.0,0.0,99.0,0.10700000077486038
1728916987.5146317,1481,1728916987,504647254,endeavour/tof/bottom,0,0.0,0.0,99.0,0.10499999672174454
1728916987.549793,1482,1728916987,540874242,endeavour/tof/bottom,0,0.0,0.0,99.0,0.10499999672174454
1728916987.5859227,1483,1728916987,576916933,endeavour/tof/bottom,0,0.0,0.0,99.0,0.10499999672174454
1728916987.6227338,1484,1728916987,612897872,endeavour/tof/bottom,0,0.0,0.0,99.0,0.10999999940395355
1728916987.659569,1485,1728916987,649132728,endeavour/tof/bottom,0,0.0,0.0,99.0,0.10999999940395355
1728916987.6941593,1486,1728916987,685443162,endeavour/tof/bottom,0,0.0,0.0,99.0,0.10999999940395355
1728916987.7310402,1487,1728916987,721474885,endeavour/tof/bottom,0,0.0,0.0,99.0,0.10300000011920929
1728916987.767192,1488,1728916987,757737874,endeavour/tof/bottom,0,0.0,0.0,99.0,0.10300000011920929
1728916987.802914,1489,1728916987,793907165,endeavour/tof/bottom,0,0.0,0.0,99.0,0.10300000011920929
1728916987.838836,1490,1728916987,830233335,endeavour/tof/bottom,0,0.0,0.0,99.0,0.10700000077486038
1728916987.8755257,1491,1728916987,866278409,endeavour/tof/bottom,0,0.0,0.0,99.0,0.10700000077486038
1728916987.9106548,1492,1728916987,901533842,endeavour/tof/bottom,0,0.0,0.0,99.0,0.10499999672174454
1728916987.947865,1493,1728916987,937688827,endeavour/tof/bottom,0,0.0,0.0,99.0,0.10499999672174454
1728916987.9843357,1494,1728916987,974532365,endeavour/tof/bottom,0,0.0,0.0,99.0,0.10499999672174454
1728916988.0187907,1495,1728916988,9955406,endeavour/tof/bottom,0,0.0,0.0,99.0,0.10700000077486038
1728916988.0552073,1496,1728916988,45453548,endeavour/tof/bottom,0,0.0,0.0,99.0,0.10700000077486038
1728916988.0894947,1497,1728916988,80590009,endeavour/tof/bottom,0,0.0,0.0,99.0,0.10700000077486038
1728916988.1260386,1498,1728916988,116928339,endeavour/tof/bottom,0,0.0,0.0,99.0,0.10899999737739563
1728916988.162965,1499,1728916988,153253793,endeavour/tof/bottom,0,0.0,0.0,99.0,0.10899999737739563
1728916988.1986873,1500,1728916988,189733743,endeavour/tof/bottom,0,0.0,0.0,99.0,0.10899999737739563
1728916988.2343168,1501,1728916988,225374937,endeavour/tof/bottom,0,0.0,0.0,99.0,0.11299999803304672
1728916988.270583,1502,1728916988,260884284,endeavour/tof/bottom,0,0.0,0.0,99.0,0.11299999803304672
1728916988.3054144,1503,1728916988,296174526,endeavour/tof/bottom,0,0.0,0.0,99.0,0.11299999803304672
1728916988.34085,1504,1728916988,331770181,endeavour/tof/bottom,0,0.0,0.0,99.0,0.1120000034570694
1728916988.3770413,1505,1728916988,367112874,endeavour/tof/bottom,0,0.0,0.0,99.0,0.1120000034570694
1728916988.412081,1506,1728916988,402647972,endeavour/tof/bottom,0,0.0,0.0,99.0,0.1120000034570694
1728916988.4471285,1507,1728916988,438116550,endeavour/tof/bottom,0,0.0,0.0,99.0,0.1120000034570694
1728916988.483459,1508,1728916988,473782539,endeavour/tof/bottom,0,0.0,0.0,99.0,0.1120000034570694
1728916988.518389,1509,1728916988,509155273,endeavour/tof/bottom,0,0.0,0.0,99.0,0.11100000143051147
1728916988.553847,1510,1728916988,544673681,endeavour/tof/bottom,0,0.0,0.0,99.0,0.11100000143051147
1728916988.5897288,1511,1728916988,580013513,endeavour/tof/bottom,0,0.0,0.0,99.0,0.11100000143051147
1728916988.624016,1512,1728916988,615196228,endeavour/tof/bottom,0,0.0,0.0,99.0,0.10199999809265137
1728916988.6595807,1513,1728916988,650550127,endeavour/tof/bottom,0,0.0,0.0,99.0,0.10199999809265137
1728916988.6958935,1514,1728916988,686151504,endeavour/tof/bottom,0,0.0,0.0,99.0,0.10199999809265137
1728916988.73023,1515,1728916988,721264362,endeavour/tof/bottom,0,0.0,0.0,99.0,0.10400000214576721
1728916988.7674592,1516,1728916988,757689952,endeavour/tof/bottom,0,0.0,0.0,99.0,0.10400000214576721
1728916988.8031054,1517,1728916988,792992830,endeavour/tof/bottom,0,0.0,0.0,99.0,0.10400000214576721
1728916988.8384218,1518,1728916988,829382181,endeavour/tof/bottom,0,0.0,0.0,99.0,0.1080000028014183
1728916988.8740134,1519,1728916988,864819049,endeavour/tof/bottom,0,0.0,0.0,99.0,0.1080000028014183
1728916988.9104178,1520,1728916988,900532245,endeavour/tof/bottom,0,0.0,0.0,99.0,0.10700000077486038
1728916988.9460628,1521,1728916988,937110900,endeavour/tof/bottom,0,0.0,0.0,99.0,0.10700000077486038
1728916988.9812505,1522,1728916988,972368717,endeavour/tof/bottom,0,0.0,0.0,99.0,0.10700000077486038
1728916989.0177026,1523,1728916989,7730722,endeavour/tof/bottom,0,0.0,0.0,99.0,0.11100000143051147
1728916989.0523796,1524,1728916989,43207168,endeavour/tof/bottom,0,0.0,0.0,99.0,0.11100000143051147
1728916989.0874367,1525,1728916989,78444480,endeavour/tof/bottom,0,0.0,0.0,99.0,0.11100000143051147
1728916989.123353,1526,1728916989,113757610,endeavour/tof/bottom,0,0.0,0.0,99.0,0.10400000214576721
1728916989.1590612,1527,1728916989,150204420,endeavour/tof/bottom,0,0.0,0.0,99.0,0.10400000214576721
1728916989.195096,1528,1728916989,185642480,endeavour/tof/bottom,0,0.0,0.0,99.0,0.10400000214576721
1728916989.2328918,1529,1728916989,220958709,endeavour/tof/bottom,0,0.0,0.0,99.0,0.11400000005960464
1728916989.265307,1530,1728916989,256461381,endeavour/tof/bottom,0,0.0,0.0,99.0,0.11400000005960464
1728916989.3009055,1531,1728916989,291868686,endeavour/tof/bottom,0,0.0,0.0,99.0,0.11400000005960464
1728916989.3379016,1532,1728916989,328204870,endeavour/tof/bottom,0,0.0,0.0,99.0,0.10599999874830246
1728916989.3725042,1533,1728916989,363596916,endeavour/tof/bottom,0,0.0,0.0,99.0,0.10599999874830246
1728916989.4080942,1534,1728916989,399042606,endeavour/tof/bottom,0,0.0,0.0,99.0,0.10300000011920929
1728916989.4445567,1535,1728916989,435627222,endeavour/tof/bottom,0,0.0,0.0,99.0,0.10300000011920929
1728916989.4797287,1536,1728916989,470886230,endeavour/tof/bottom,0,0.0,0.0,99.0,0.10300000011920929
1728916989.5154877,1537,1728916989,506507635,endeavour/tof/bottom,0,0.0,0.0,99.0,0.11100000143051147
1728916989.5521388,1538,1728916989,541908502,endeavour/tof/bottom,0,0.0,0.0,99.0,0.11100000143051147
1728916989.586404,1539,1728916989,577371120,endeavour/tof/bottom,0,0.0,0.0,99.0,0.11100000143051147
1728916989.6214802,1540,1728916989,612667560,endeavour/tof/bottom,0,0.0,0.0,99.0,0.10599999874830246
1728916989.6573591,1541,1728916989,647857427,endeavour/tof/bottom,0,0.0,0.0,99.0,0.10599999874830246
1728916989.692169,1542,1728916989,683336734,endeavour/tof/bottom,0,0.0,0.0,99.0,0.10599999874830246
1728916989.7283106,1543,1728916989,718592882,endeavour/tof/bottom,0,0.0,0.0,99.0,0.11299999803304672
1728916989.7636359,1544,1728916989,754004001,endeavour/tof/bottom,0,0.0,0.0,99.0,0.11299999803304672
1728916989.7993288,1545,1728916989,790266036,endeavour/tof/bottom,0,0.0,0.0,99.0,0.11299999803304672
1728916989.8353863,1546,1728916989,826565980,endeavour/tof/bottom,0,0.0,0.0,99.0,0.10300000011920929
1728916989.871926,1547,1728916989,863003253,endeavour/tof/bottom,0,0.0,0.0,99.0,0.10300000011920929
1728916989.9076173,1548,1728916989,898771762,endeavour/tof/bottom,0,0.0,0.0,99.0,0.10300000011920929
1728916989.943042,1549,1728916989,934161424,endeavour/tof/bottom,0,0.0,0.0,99.0,0.10999999940395355
1728916989.9795945,1550,1728916989,969777822,endeavour/tof/bottom,0,0.0,0.0,99.0,0.10999999940395355
1728916990.0147204,1551,1728916990,4921197,endeavour/tof/bottom,0,0.0,0.0,99.0,0.11400000005960464
1728916990.0502875,1552,1728916990,41256189,endeavour/tof/bottom,0,0.0,0.0,99.0,0.11400000005960464
1728916990.0872626,1553,1728916990,77682495,endeavour/tof/bottom,0,0.0,0.0,99.0,0.11400000005960464
1728916990.122361,1554,1728916990,112959146,endeavour/tof/bottom,0,0.0,0.0,99.0,0.10499999672174454
1728916990.157054,1555,1728916990,148298025,endeavour/tof/bottom,0,0.0,0.0,99.0,0.10499999672174454
1728916990.1934137,1556,1728916990,183706521,endeavour/tof/bottom,0,0.0,0.0,99.0,0.10499999672174454
1728916990.2287414,1557,1728916990,219439029,endeavour/tof/bottom,0,0.0,0.0,99.0,0.10300000011920929
1728916990.2637835,1558,1728916990,254822254,endeavour/tof/bottom,0,0.0,0.0,99.0,0.10300000011920929
1728916990.2997072,1559,1728916990,290073871,endeavour/tof/bottom,0,0.0,0.0,99.0,0.10300000011920929
1728916990.335205,1560,1728916990,326029539,endeavour/tof/bottom,0,0.0,0.0,99.0,0.10700000077486038
1728916990.3707423,1561,1728916990,361435651,endeavour/tof/bottom,0,0.0,0.0,99.0,0.10700000077486038
1728916990.4069407,1562,1728916990,396812200,endeavour/tof/bottom,0,0.0,0.0,99.0,0.10700000077486038
1728916990.4411895,1563,1728916990,432031154,endeavour/tof/bottom,0,0.0,0.0,99.0,0.10599999874830246
1728916990.476738,1564,1728916990,467514276,endeavour/tof/bottom,0,0.0,0.0,99.0,0.10599999874830246
1728916990.5122435,1565,1728916990,503085613,endeavour/tof/bottom,0,0.0,0.0,99.0,0.10899999737739563
1728916990.5472555,1566,1728916990,538505315,endeavour/tof/bottom,0,0.0,0.0,99.0,0.10899999737739563
1728916990.5829344,1567,1728916990,573768377,endeavour/tof/bottom,0,0.0,0.0,99.0,0.10899999737739563
1728916990.6188383,1568,1728916990,608907222,endeavour/tof/bottom,0,0.0,0.0,99.0,0.10599999874830246
1728916990.654056,1569,1728916990,645331859,endeavour/tof/bottom,0,0.0,0.0,99.0,0.10599999874830246
1728916990.690155,1570,1728916990,681066036,endeavour/tof/bottom,0,0.0,0.0,99.0,0.10599999874830246
1728916990.726094,1571,1728916990,716420173,endeavour/tof/bottom,0,0.0,0.0,99.0,0.10700000077486038
1728916990.7729497,1572,1728916990,751863956,endeavour/tof/bottom,0,0.0,0.0,99.0,0.10700000077486038
1728916990.7963235,1573,1728916990,787478685,endeavour/tof/bottom,0,0.0,0.0,99.0,0.10700000077486038
1728916990.8328123,1574,1728916990,822731018,endeavour/tof/bottom,0,0.0,0.0,99.0,0.10700000077486038
1728916990.8670015,1575,1728916990,858144044,endeavour/tof/bottom,0,0.0,0.0,99.0,0.10700000077486038
1728916990.9030473,1576,1728916990,893864393,endeavour/tof/bottom,0,0.0,0.0,99.0,0.10700000077486038
1728916990.9398777,1577,1728916990,930116653,endeavour/tof/bottom,0,0.0,0.0,99.0,0.10999999940395355
1728916990.9988222,1578,1728916990,966635942,endeavour/tof/bottom,0,0.0,0.0,99.0,0.10999999940395355
1728916991.0107725,1579,1728916991,1995801,endeavour/tof/bottom,0,0.0,0.0,99.0,0.11400000005960464
1728916991.0467412,1580,1728916991,37795543,endeavour/tof/bottom,0,0.0,0.0,99.0,0.11400000005960464
1728916991.0819345,1581,1728916991,73076963,endeavour/tof/bottom,0,0.0,0.0,99.0,0.11400000005960464
1728916991.1174922,1582,1728916991,108526706,endeavour/tof/bottom,0,0.0,0.0,99.0,0.10599999874830246
1728916991.152993,1583,1728916991,143935680,endeavour/tof/bottom,0,0.0,0.0,99.0,0.10599999874830246
1728916991.1899486,1584,1728916991,180424451,endeavour/tof/bottom,0,0.0,0.0,99.0,0.10599999874830246
1728916991.2247422,1585,1728916991,215759277,endeavour/tof/bottom,0,0.0,0.0,99.0,0.10599999874830246
1728916991.26106,1586,1728916991,251155376,endeavour/tof/bottom,0,0.0,0.0,99.0,0.10599999874830246
1728916991.2990754,1587,1728916991,287490844,endeavour/tof/bottom,0,0.0,0.0,99.0,0.10599999874830246
1728916991.331936,1588,1728916991,322953939,endeavour/tof/bottom,0,0.0,0.0,99.0,0.10499999672174454
1728916991.3683534,1589,1728916991,358263492,endeavour/tof/bottom,0,0.0,0.0,99.0,0.10499999672174454
1728916991.4026642,1590,1728916991,393379926,endeavour/tof/bottom,0,0.0,0.0,99.0,0.10499999672174454
1728916991.4413917,1591,1728916991,429728507,endeavour/tof/bottom,0,0.0,0.0,99.0,0.10899999737739563
1728916991.4760308,1592,1728916991,466017961,endeavour/tof/bottom,0,0.0,0.0,99.0,0.10899999737739563
1728916991.5385828,1593,1728916991,502712249,endeavour/tof/bottom,0,0.0,0.0,99.0,0.10499999672174454
1728916991.5486948,1594,1728916991,538114309,endeavour/tof/bottom,0,0.0,0.0,99.0,0.10499999672174454
1728916991.5823786,1595,1728916991,573462724,endeavour/tof/bottom,0,0.0,0.0,99.0,0.10499999672174454
1728916991.6180823,1596,1728916991,608710765,endeavour/tof/bottom,0,0.0,0.0,99.0,0.10400000214576721
1728916991.6545985,1597,1728916991,645295858,endeavour/tof/bottom,0,0.0,0.0,99.0,0.10400000214576721
1728916991.6903784,1598,1728916991,680679082,endeavour/tof/bottom,0,0.0,0.0,99.0,0.10400000214576721
1728916991.7252293,1599,1728916991,716104507,endeavour/tof/bottom,0,0.0,0.0,99.0,0.1080000028014183
1728916991.7607505,1600,1728916991,751469373,endeavour/tof/bottom,0,0.0,0.0,99.0,0.1080000028014183
1728916991.7966526,1601,1728916991,787055253,endeavour/tof/bottom,0,0.0,0.0,99.0,0.1080000028014183
1728916991.8314347,1602,1728916991,822384119,endeavour/tof/bottom,0,0.0,0.0,99.0,0.10899999737739563
1728916991.86698,1603,1728916991,857785224,endeavour/tof/bottom,0,0.0,0.0,99.0,0.10899999737739563
1728916991.9033372,1604,1728916991,893520832,endeavour/tof/bottom,0,0.0,0.0,99.0,0.10899999737739563
1728916991.9391253,1605,1728916991,929967880,endeavour/tof/bottom,0,0.0,0.0,99.0,0.10599999874830246
1728916991.9745898,1606,1728916991,965171813,endeavour/tof/bottom,0,0.0,0.0,99.0,0.10599999874830246
1728916992.0110505,1607,1728916992,1399040,endeavour/tof/bottom,0,0.0,0.0,99.0,0.10599999874830246
1728916992.0467594,1608,1728916992,37800788,endeavour/tof/bottom,0,0.0,0.0,99.0,0.10400000214576721
1728916992.1045299,1609,1728916992,74183464,endeavour/tof/bottom,0,0.0,0.0,99.0,0.10400000214576721
1728916992.1202784,1610,1728916992,110465049,endeavour/tof/bottom,0,0.0,0.0,99.0,0.10599999874830246
1728916992.1545773,1611,1728916992,145829439,endeavour/tof/bottom,0,0.0,0.0,99.0,0.10599999874830246
1728916992.1911507,1612,1728916992,182302713,endeavour/tof/bottom,0,0.0,0.0,99.0,0.10599999874830246
1728916992.2274654,1613,1728916992,217491865,endeavour/tof/bottom,0,0.0,0.0,99.0,0.10899999737739563
1728916992.2616987,1614,1728916992,252982854,endeavour/tof/bottom,0,0.0,0.0,99.0,0.10899999737739563
1728916992.2973495,1615,1728916992,288362741,endeavour/tof/bottom,0,0.0,0.0,99.0,0.10899999737739563
1728916992.334069,1616,1728916992,323803424,endeavour/tof/bottom,0,0.0,0.0,99.0,0.10999999940395355
1728916992.3693717,1617,1728916992,359368562,endeavour/tof/bottom,0,0.0,0.0,99.0,0.10999999940395355
1728916992.4036644,1618,1728916992,394652128,endeavour/tof/bottom,0,0.0,0.0,99.0,0.10999999940395355
1728916992.4682543,1619,1728916992,431235313,endeavour/tof/bottom,0,0.0,0.0,99.0,0.11100000143051147
1728916992.47515,1620,1728916992,466445922,endeavour/tof/bottom,0,0.0,0.0,99.0,0.11100000143051147
1728916992.5112977,1621,1728916992,502027511,endeavour/tof/bottom,0,0.0,0.0,99.0,0.11100000143051147
1728916992.5462077,1622,1728916992,537566661,endeavour/tof/bottom,0,0.0,0.0,99.0,0.10499999672174454
1728916992.5911772,1623,1728916992,572851657,endeavour/tof/bottom,0,0.0,0.0,99.0,0.10499999672174454
1728916992.6174452,1624,1728916992,608400106,endeavour/tof/bottom,0,0.0,0.0,99.0,0.1080000028014183
1728916992.6524897,1625,1728916992,643635272,endeavour/tof/bottom,0,0.0,0.0,99.0,0.1080000028014183
1728916992.6899242,1626,1728916992,680158138,endeavour/tof/bottom,0,0.0,0.0,99.0,0.1080000028014183
1728916992.7242427,1627,1728916992,715290546,endeavour/tof/bottom,0,0.0,0.0,99.0,0.11100000143051147
1728916992.7608125,1628,1728916992,751656293,endeavour/tof/bottom,0,0.0,0.0,99.0,0.11100000143051147
1728916992.797702,1629,1728916992,788086891,endeavour/tof/bottom,0,0.0,0.0,99.0,0.11100000143051147
1728916992.8324587,1630,1728916992,823540449,endeavour/tof/bottom,0,0.0,0.0,99.0,0.10599999874830246
1728916992.8681343,1631,1728916992,859040260,endeavour/tof/bottom,0,0.0,0.0,99.0,0.10599999874830246
1728916992.9056454,1632,1728916992,894824743,endeavour/tof/bottom,0,0.0,0.0,99.0,0.10599999874830246
1728916992.9391055,1633,1728916992,930196046,endeavour/tof/bottom,0,0.0,0.0,99.0,0.10700000077486038
1728916992.9746912,1634,1728916992,965637207,endeavour/tof/bottom,0,0.0,0.0,99.0,0.10700000077486038
1728916993.0109873,1635,1728916993,855922,endeavour/tof/bottom,0,0.0,0.0,99.0,0.10700000077486038
1728916993.0453541,1636,1728916993,36186933,endeavour/tof/bottom,0,0.0,0.0,99.0,0.10599999874830246
1728916993.0808864,1637,1728916993,71707963,endeavour/tof/bottom,0,0.0,0.0,99.0,0.10599999874830246
1728916993.1168513,1638,1728916993,107011795,endeavour/tof/bottom,0,0.0,0.0,99.0,0.10199999809265137
1728916993.1525428,1639,1728916993,143618345,endeavour/tof/bottom,0,0.0,0.0,99.0,0.10199999809265137
1728916993.18879,1640,1728916993,179120540,endeavour/tof/bottom,0,0.0,0.0,99.0,0.10199999809265137
1728916993.2239864,1641,1728916993,214307308,endeavour/tof/bottom,0,0.0,0.0,99.0,0.10899999737739563
1728916993.2596858,1642,1728916993,250761985,endeavour/tof/bottom,0,0.0,0.0,99.0,0.10899999737739563
1728916993.2967334,1643,1728916993,287232160,endeavour/tof/bottom,0,0.0,0.0,99.0,0.10899999737739563
1728916993.3337166,1644,1728916993,323704481,endeavour/tof/bottom,0,0.0,0.0,99.0,0.10599999874830246
1728916993.3680215,1645,1728916993,359198093,endeavour/tof/bottom,0,0.0,0.0,99.0,0.10599999874830246
1728916993.403576,1646,1728916993,394664764,endeavour/tof/bottom,0,0.0,0.0,99.0,0.10599999874830246
1728916993.4399967,1647,1728916993,430163621,endeavour/tof/bottom,0,0.0,0.0,99.0,0.11100000143051147
1728916993.4747016,1648,1728916993,465479373,endeavour/tof/bottom,0,0.0,0.0,99.0,0.11100000143051147
1728916993.5102017,1649,1728916993,500836849,endeavour/tof/bottom,0,0.0,0.0,99.0,0.11100000143051147
1728916993.5462015,1650,1728916993,536250829,endeavour/tof/bottom,0,0.0,0.0,99.0,0.10499999672174454
1728916993.5809145,1651,1728916993,571826934,endeavour/tof/bottom,0,0.0,0.0,99.0,0.10499999672174454
1728916993.6159961,1652,1728916993,607094049,endeavour/tof/bottom,0,0.0,0.0,99.0,0.10499999672174454
1728916993.651477,1653,1728916993,642421483,endeavour/tof/bottom,0,0.0,0.0,99.0,0.10499999672174454
1728916993.6881554,1654,1728916993,679002046,endeavour/tof/bottom,0,0.0,0.0,99.0,0.10499999672174454
1728916993.7237344,1655,1728916993,714446783,endeavour/tof/bottom,0,0.0,0.0,99.0,0.10300000011920929
1728916993.7587438,1656,1728916993,749772310,endeavour/tof/bottom,0,0.0,0.0,99.0,0.10300000011920929
1728916993.794378,1657,1728916993,785349369,endeavour/tof/bottom,0,0.0,0.0,99.0,0.10300000011920929
1728916993.8299446,1658,1728916993,820749282,endeavour/tof/bottom,0,0.0,0.0,99.0,0.10499999672174454
1728916993.8650408,1659,1728916993,856190443,endeavour/tof/bottom,0,0.0,0.0,99.0,0.10499999672174454
1728916993.903519,1660,1728916993,891658067,endeavour/tof/bottom,0,0.0,0.0,99.0,0.10499999672174454
1728916993.9361184,1661,1728916993,927274942,endeavour/tof/bottom,0,0.0,0.0,99.0,0.10599999874830246
1728916993.9716926,1662,1728916993,962644815,endeavour/tof/bottom,0,0.0,0.0,99.0,0.10599999874830246
1728916994.008308,1663,1728916993,999075174,endeavour/tof/bottom,0,0.0,0.0,99.0,0.10599999874830246
1728916994.0433447,1664,1728916994,34426689,endeavour/tof/bottom,0,0.0,0.0,99.0,0.1080000028014183
1728916994.0805585,1665,1728916994,69873094,endeavour/tof/bottom,0,0.0,0.0,99.0,0.1080000028014183
1728916994.1140156,1666,1728916994,105235815,endeavour/tof/bottom,0,0.0,0.0,99.0,0.1080000028014183
1728916994.14944,1667,1728916994,140581846,endeavour/tof/bottom,0,0.0,0.0,99.0,0.10499999672174454
1728916994.185907,1668,1728916994,176179885,endeavour/tof/bottom,0,0.0,0.0,99.0,0.10499999672174454
1728916994.2207806,1669,1728916994,211577892,endeavour/tof/bottom,0,0.0,0.0,99.0,0.10599999874830246
1728916994.2562208,1670,1728916994,247174739,endeavour/tof/bottom,0,0.0,0.0,99.0,0.10599999874830246
1728916994.2922013,1671,1728916994,282511949,endeavour/tof/bottom,0,0.0,0.0,99.0,0.10599999874830246
1728916994.326905,1672,1728916994,318026542,endeavour/tof/bottom,0,0.0,0.0,99.0,0.1080000028014183
1728916994.362436,1673,1728916994,353403568,endeavour/tof/bottom,0,0.0,0.0,99.0,0.1080000028014183
1728916994.39889,1674,1728916994,388830661,endeavour/tof/bottom,0,0.0,0.0,99.0,0.1080000028014183
1728916994.433663,1675,1728916994,424423217,endeavour/tof/bottom,0,0.0,0.0,99.0,0.11299999803304672
1728916994.4688287,1676,1728916994,459690809,endeavour/tof/bottom,0,0.0,0.0,99.0,0.11299999803304672
1728916994.5050302,1677,1728916994,495123386,endeavour/tof/bottom,0,0.0,0.0,99.0,0.11299999803304672
1728916994.5398111,1678,1728916994,530649900,endeavour/tof/bottom,0,0.0,0.0,99.0,0.10499999672174454
1728916994.575489,1679,1728916994,566060543,endeavour/tof/bottom,0,0.0,0.0,99.0,0.10499999672174454
1728916994.611346,1680,1728916994,601335048,endeavour/tof/bottom,0,0.0,0.0,99.0,0.10499999672174454
1728916994.6460898,1681,1728916994,636929273,endeavour/tof/bottom,0,0.0,0.0,99.0,0.10599999874830246
1728916994.6816235,1682,1728916994,672488451,endeavour/tof/bottom,0,0.0,0.0,99.0,0.10599999874830246
1728916994.7174191,1683,1728916994,707669734,endeavour/tof/bottom,0,0.0,0.0,99.0,0.1080000028014183
1728916994.7522128,1684,1728916994,743177413,endeavour/tof/bottom,0,0.0,0.0,99.0,0.1080000028014183
1728916994.7883368,1685,1728916994,779331922,endeavour/tof/bottom,0,0.0,0.0,99.0,0.1080000028014183
1728916994.8252285,1686,1728916994,815615415,endeavour/tof/bottom,0,0.0,0.0,99.0,0.10499999672174454
1728916994.860973,1687,1728916994,851895809,endeavour/tof/bottom,0,0.0,0.0,99.0,0.10499999672174454
1728916994.8970544,1688,1728916994,888223409,endeavour/tof/bottom,0,0.0,0.0,99.0,0.10499999672174454
1728916994.9339728,1689,1728916994,924134492,endeavour/tof/bottom,0,0.0,0.0,99.0,0.10499999672174454
1728916994.9687226,1690,1728916994,959640741,endeavour/tof/bottom,0,0.0,0.0,99.0,0.10499999672174454
1728916995.0037975,1691,1728916994,995007991,endeavour/tof/bottom,0,0.0,0.0,99.0,0.10499999672174454
1728916995.040104,1692,1728916995,30418395,endeavour/tof/bottom,0,0.0,0.0,99.0,0.1120000034570694
1728916995.0748763,1693,1728916995,65963029,endeavour/tof/bottom,0,0.0,0.0,99.0,0.1120000034570694
1728916995.1104975,1694,1728916995,101255416,endeavour/tof/bottom,0,0.0,0.0,99.0,0.1120000034570694
1728916995.147398,1695,1728916995,137748956,endeavour/tof/bottom,0,0.0,0.0,99.0,0.10700000077486038
1728916995.182176,1696,1728916995,173239707,endeavour/tof/bottom,0,0.0,0.0,99.0,0.10700000077486038
1728916995.2184758,1697,1728916995,208578109,endeavour/tof/bottom,0,0.0,0.0,99.0,0.10599999874830246
1728916995.2531345,1698,1728916995,244178295,endeavour/tof/bottom,0,0.0,0.0,99.0,0.10599999874830246
1728916995.2884362,1699,1728916995,279573202,endeavour/tof/bottom,0,0.0,0.0,99.0,0.10599999874830246
1728916995.3239112,1700,1728916995,315120458,endeavour/tof/bottom,0,0.0,0.0,99.0,0.10400000214576721
1728916995.3603845,1701,1728916995,350551128,endeavour/tof/bottom,0,0.0,0.0,99.0,0.10400000214576721
1728916995.3950572,1702,1728916995,385882616,endeavour/tof/bottom,0,0.0,0.0,99.0,0.10400000214576721
1728916995.4301324,1703,1728916995,421222925,endeavour/tof/bottom,0,0.0,0.0,99.0,0.11100000143051147
1728916995.4664311,1704,1728916995,456729412,endeavour/tof/bottom,0,0.0,0.0,99.0,0.11100000143051147
1728916995.5012474,1705,1728916995,492085456,endeavour/tof/bottom,0,0.0,0.0,99.0,0.11100000143051147
1728916995.5368097,1706,1728916995,527767896,endeavour/tof/bottom,0,0.0,0.0,99.0,0.10499999672174454
1728916995.573309,1707,1728916995,563151836,endeavour/tof/bottom,0,0.0,0.0,99.0,0.10499999672174454
1728916995.6074739,1708,1728916995,598644495,endeavour/tof/bottom,0,0.0,0.0,99.0,0.10499999672174454
1728916995.6431785,1709,1728916995,634150028,endeavour/tof/bottom,0,0.0,0.0,99.0,0.11400000005960464
1728916995.679351,1710,1728916995,669517040,endeavour/tof/bottom,0,0.0,0.0,99.0,0.11400000005960464
1728916995.7136738,1711,1728916995,704898595,endeavour/tof/bottom,0,0.0,0.0,99.0,0.11400000005960464
1728916995.749931,1712,1728916995,740115880,endeavour/tof/bottom,0,0.0,0.0,99.0,0.10499999672174454
1728916995.7958982,1713,1728916995,776787281,endeavour/tof/bottom,0,0.0,0.0,99.0,0.10499999672174454
1728916995.8208652,1714,1728916995,812023878,endeavour/tof/bottom,0,0.0,0.0,99.0,0.10599999874830246
1728916995.857365,1715,1728916995,848307609,endeavour/tof/bottom,0,0.0,0.0,99.0,0.10599999874830246
1728916995.8930166,1716,1728916995,883822679,endeavour/tof/bottom,0,0.0,0.0,99.0,0.10599999874830246
1728916995.92946,1717,1728916995,919534921,endeavour/tof/bottom,0,0.0,0.0,99.0,0.10400000214576721
1728916995.9651268,1718,1728916995,955967187,endeavour/tof/bottom,0,0.0,0.0,99.0,0.10400000214576721
1728916996.0191011,1719,1728916995,991425037,endeavour/tof/bottom,0,0.0,0.0,99.0,0.10400000214576721
1728916996.0366037,1720,1728916996,26613235,endeavour/tof/bottom,0,0.0,0.0,99.0,0.1080000028014183
1728916996.071892,1721,1728916996,62863349,endeavour/tof/bottom,0,0.0,0.0,99.0,0.1080000028014183
1728916996.1084945,1722,1728916996,99387168,endeavour/tof/bottom,0,0.0,0.0,99.0,0.1080000028014183
1728916996.1443717,1723,1728916996,134742736,endeavour/tof/bottom,0,0.0,0.0,99.0,0.10400000214576721
1728916996.179495,1724,1728916996,170231580,endeavour/tof/bottom,0,0.0,0.0,99.0,0.10400000214576721
1728916996.2152689,1725,1728916996,205790042,endeavour/tof/bottom,0,0.0,0.0,99.0,0.10400000214576721
1728916996.2504973,1726,1728916996,241020917,endeavour/tof/bottom,0,0.0,0.0,99.0,0.10400000214576721
1728916996.2868721,1727,1728916996,277621269,endeavour/tof/bottom,0,0.0,0.0,99.0,0.10400000214576721
1728916996.3226106,1728,1728916996,312935352,endeavour/tof/bottom,0,0.0,0.0,99.0,0.10700000077486038
1728916996.3590322,1729,1728916996,349306106,endeavour/tof/bottom,0,0.0,0.0,99.0,0.10700000077486038
1728916996.394562,1730,1728916996,385691881,endeavour/tof/bottom,0,0.0,0.0,99.0,0.10700000077486038
1728916996.430078,1731,1728916996,420993328,endeavour/tof/bottom,0,0.0,0.0,99.0,0.10300000011920929
1728916996.4656262,1732,1728916996,456630706,endeavour/tof/bottom,0,0.0,0.0,99.0,0.10300000011920929
1728916996.5007803,1733,1728916996,491942882,endeavour/tof/bottom,0,0.0,0.0,99.0,0.10300000011920929
1728916996.540817,1734,1728916996,527440071,endeavour/tof/bottom,0,0.0,0.0,99.0,0.11400000005960464
1728916996.5718977,1735,1728916996,562824964,endeavour/tof/bottom,0,0.0,0.0,99.0,0.11400000005960464
1728916996.6075342,1736,1728916996,598228454,endeavour/tof/bottom,0,0.0,0.0,99.0,0.11400000005960464
1728916996.6426122,1737,1728916996,633504629,endeavour/tof/bottom,0,0.0,0.0,99.0,0.10400000214576721
1728916996.6795256,1738,1728916996,669332027,endeavour/tof/bottom,0,0.0,0.0,99.0,0.10400000214576721
1728916996.7137032,1739,1728916996,704682826,endeavour/tof/bottom,0,0.0,0.0,99.0,0.10400000214576721
1728916996.7492182,1740,1728916996,740090608,endeavour/tof/bottom,0,0.0,0.0,99.0,0.10300000011920929
1728916996.7851033,1741,1728916996,775536298,endeavour/tof/bottom,0,0.0,0.0,99.0,0.10300000011920929
1728916996.8202138,1742,1728916996,810785770,endeavour/tof/bottom,0,0.0,0.0,99.0,0.1080000028014183
1728916996.8553472,1743,1728916996,846265792,endeavour/tof/bottom,0,0.0,0.0,99.0,0.1080000028014183
1728916996.8913944,1744,1728916996,881527185,endeavour/tof/bottom,0,0.0,0.0,99.0,0.1080000028014183
1728916996.926148,1745,1728916996,917341709,endeavour/tof/bottom,0,0.0,0.0,99.0,0.10599999874830246
1728916996.9616745,1746,1728916996,952548980,endeavour/tof/bottom,0,0.0,0.0,99.0,0.10599999874830246
1728916996.9997675,1747,1728916996,987862110,endeavour/tof/bottom,0,0.0,0.0,99.0,0.10599999874830246
1728916997.032318,1748,1728916997,23172378,endeavour/tof/bottom,0,0.0,0.0,99.0,0.10400000214576721
1728916997.0683217,1749,1728916997,59506893,endeavour/tof/bottom,0,0.0,0.0,99.0,0.10400000214576721
1728916997.105256,1750,1728916997,95734119,endeavour/tof/bottom,0,0.0,0.0,99.0,0.10400000214576721
1728916997.140031,1751,1728916997,131177186,endeavour/tof/bottom,0,0.0,0.0,99.0,0.10599999874830246
1728916997.175592,1752,1728916997,166424512,endeavour/tof/bottom,0,0.0,0.0,99.0,0.10599999874830246
1728916997.211865,1753,1728916997,201735019,endeavour/tof/bottom,0,0.0,0.0,99.0,0.10599999874830246
1728916997.2462678,1754,1728916997,237074136,endeavour/tof/bottom,0,0.0,0.0,99.0,0.10499999672174454
1728916997.2813349,1755,1728916997,272474765,endeavour/tof/bottom,0,0.0,0.0,99.0,0.10499999672174454
1728916997.3187318,1756,1728916997,308852672,endeavour/tof/bottom,0,0.0,0.0,99.0,0.10499999672174454
1728916997.3543994,1757,1728916997,345429658,endeavour/tof/bottom,0,0.0,0.0,99.0,0.10999999940395355
1728916997.3901002,1758,1728916997,380790710,endeavour/tof/bottom,0,0.0,0.0,99.0,0.10999999940395355
1728916997.4271479,1759,1728916997,416102170,endeavour/tof/bottom,0,0.0,0.0,99.0,0.10599999874830246
1728916997.4616463,1760,1728916997,452460050,endeavour/tof/bottom,0,0.0,0.0,99.0,0.10599999874830246
1728916997.4968617,1761,1728916997,487849950,endeavour/tof/bottom,0,0.0,0.0,99.0,0.10599999874830246
1728916997.5331779,1762,1728916997,523417234,endeavour/tof/bottom,0,0.0,0.0,99.0,0.11299999803304672
1728916997.5680418,1763,1728916997,558695793,endeavour/tof/bottom,0,0.0,0.0,99.0,0.11299999803304672
1728916997.6044636,1764,1728916997,595241546,endeavour/tof/bottom,0,0.0,0.0,99.0,0.11299999803304672
1728916997.6403556,1765,1728916997,630566596,endeavour/tof/bottom,0,0.0,0.0,99.0,0.10400000214576721
1728916997.6760767,1766,1728916997,666985273,endeavour/tof/bottom,0,0.0,0.0,99.0,0.10400000214576721
1728916997.7111561,1767,1728916997,702428579,endeavour/tof/bottom,0,0.0,0.0,99.0,0.10400000214576721
1728916997.748611,1768,1728916997,738810062,endeavour/tof/bottom,0,0.0,0.0,99.0,0.10400000214576721
1728916997.7833617,1769,1728916997,774301528,endeavour/tof/bottom,0,0.0,0.0,99.0,0.10400000214576721
1728916997.8184164,1770,1728916997,809612751,endeavour/tof/bottom,0,0.0,0.0,99.0,0.10400000214576721
1728916997.8547447,1771,1728916997,845110177,endeavour/tof/bottom,0,0.0,0.0,99.0,0.10599999874830246
